robot_name,robot_state,robot_destination,intersection_start_time,intersection_finish_time,intersection_id,energy_consumption_intersection,queueing_robot
robot-13,taking_pod,"(18,2)",4.950000000000001,9.600000000000012,15-12,0.0025593749999999996,0
robot-19,taking_pod,"(30,4)",6.150000000000004,10.800000000000015,15-15,0.0025593749999999996,0
robot-19,taking_pod,"(30,4)",10.800000000000015,15.750000000000027,15-12,0.0022218749999999995,1
robot-2,delivering_pod,"(4,15)",21.299999999999976,30.149999999999892,15-12,0.003962499999999999,0
robot-3,delivering_pod,"(4,9)",27.599999999999916,31.649999999999878,15-15,0.00580125,1
robot-14,delivering_pod,"(4,15)",35.84999999999984,39.8999999999998,15-15,0.0057375,1
robot-7,delivering_pod,"(4,15)",40.1999999999998,44.24999999999976,15-15,0.00580125,2
robot-20,delivering_pod,"(4,9)",42.14999999999978,46.34999999999974,15-15,0.005356874999999999,2
robot-4,delivering_pod,"(4,21)",46.19999999999974,50.0999999999997,15-15,0.005578125,1
