robot_name,robot_state,robot_destination,intersection_start_time,intersection_finish_time,intersection_id,energy_consumption_intersection,queueing_robot
robot-19,taking_pod,"(13,1)",9.00000000000001,9.750000000000012,15-12,0.0008287499999999998,0
robot-13,taking_pod,"(10,4)",10.050000000000013,12.000000000000018,15-15,0.0026774999999999993,1
robot-13,taking_pod,"(10,4)",12.000000000000018,13.950000000000022,15-12,0.0026774999999999993,1
robot-9,taking_pod,"(16,2)",12.75000000000002,14.850000000000025,15-15,0.002900624999999999,1
robot-9,taking_pod,"(16,2)",14.850000000000025,16.80000000000002,15-12,0.0026774999999999993,1
robot-12,delivering_pod,"(4,21)",38.99999999999981,42.89999999999977,15-15,0.005578125,2
robot-8,delivering_pod,"(4,21)",41.24999999999979,45.29999999999975,15-15,0.005261249999999999,1
