robot_name,robot_state,robot_destination,intersection_start_time,intersection_finish_time,intersection_id,energy_consumption_intersection,queueing_robot
robot-7,taking_pod,"(13,14)",9.150000000000011,9.750000000000012,15-12,0.0005793749999999999,0
robot-15,delivering_pod,"(4,15)",27.599999999999916,31.649999999999878,15-15,0.00580125,1
robot-10,delivering_pod,"(4,15)",29.3999999999999,35.99999999999984,15-15,0.00546,1
robot-4,delivering_pod,"(4,15)",33.89999999999986,38.249999999999815,15-15,0.0049425,1
robot-7,returning_pod,"(13,14)",66.14999999999965,70.94999999999983,15-15,0.0021374999999999996,1
