robot_name,robot_state,robot_destination,intersection_start_time,intersection_finish_time,intersection_id,energy_consumption_intersection,queueing_robot
robot-19,delivering_pod,"(4,21)",25.649999999999935,29.699999999999896,15-15,0.00580125,1
robot-8,delivering_pod,"(4,21)",23.699999999999953,32.54999999999987,15-12,0.003962499999999999,0
robot-5,delivering_pod,"(4,21)",30.29999999999989,34.34999999999985,15-15,0.00580125,1
robot-13,delivering_pod,"(4,15)",38.69999999999981,42.599999999999774,15-15,0.005578125,1
