robot_name,robot_state,robot_destination,intersection_start_time,intersection_finish_time,intersection_id,energy_consumption_intersection,queueing_robot
robot-2,taking_pod,"(13,1)",8.40000000000001,9.00000000000001,15-12,0.0006693749999999998,0
robot-3,taking_pod,"(19,1)",23.399999999999956,24.14999999999995,15-15,0.0008924999999999998,0
robot-17,delivering_pod,"(4,15)",34.34999999999985,38.249999999999815,15-15,0.005578125,1
robot-15,delivering_pod,"(4,15)",41.549999999999784,45.599999999999746,15-15,0.00580125,1
robot-7,delivering_pod,"(4,15)",52.49999999999968,56.39999999999964,15-15,0.005578125,1
robot-17,returning_pod,"(31,11)",101.850000000001,105.90000000000116,15-12,0.00580125,1
robot-12,returning_pod,"(28,10)",119.85000000000169,123.75000000000183,15-12,0.005578125,1
