robot_name,robot_state,robot_destination,intersection_start_time,intersection_finish_time,intersection_id,energy_consumption_intersection,queueing_robot
robot-4,taking_pod,"(10,4)",5.100000000000001,9.150000000000011,15-15,0.001666875,0
robot-4,taking_pod,"(10,4)",9.150000000000011,11.100000000000016,15-12,0.0026774999999999993,1
robot-9,taking_pod,"(18,13)",15.600000000000026,16.350000000000023,15-15,0.0007337499999999999,0
robot-12,delivering_pod,"(4,9)",6.300000000000004,23.399999999999956,15-12,0.0024224999999999997,0
robot-11,delivering_pod,"(44,9)",20.399999999999984,25.04999999999994,15-12,0.0025593749999999996,0
robot-15,taking_pod,"(18,13)",27.14999999999992,27.749999999999915,15-15,0.0005793749999999999,1
robot-3,delivering_pod,"(4,15)",26.849999999999923,31.649999999999878,15-15,0.0021374999999999996,1
robot-9,delivering_pod,"(4,15)",33.29999999999986,37.349999999999824,15-15,0.0057375,1
robot-16,delivering_pod,"(4,15)",39.7499999999998,43.79999999999976,15-15,0.00580125,1
