robot_name,robot_state,robot_destination,intersection_start_time,intersection_finish_time,intersection_id,energy_consumption_intersection,queueing_robot
robot-16,taking_pod,"(19,13)",7.500000000000007,8.100000000000009,15-15,0.0005793749999999999,0
robot-1,delivering_pod,"(4,21)",12.90000000000002,24.599999999999945,15-15,0.0022199999999999998,0
robot-8,delivering_pod,"(4,21)",17.70000000000001,25.19999999999994,15-12,0.002188125,0
robot-16,delivering_pod,"(4,21)",24.599999999999945,28.649999999999906,15-15,0.0057375,1
robot-12,taking_pod,"(13,14)",30.899999999999885,31.649999999999878,15-12,0.0007337499999999999,0
robot-11,delivering_pod,"(4,15)",29.2499999999999,33.149999999999864,15-15,0.005578125,2
robot-10,delivering_pod,"(4,21)",31.49999999999988,35.54999999999984,15-15,0.005261249999999999,1
robot-17,delivering_pod,"(4,21)",48.749999999999716,52.79999999999968,15-15,0.00580125,1
robot-19,returning_pod,"(14,16)",84.60000000000035,88.80000000000051,15-15,0.00130125,1
