robot_name,robot_state,robot_destination,intersection_start_time,intersection_finish_time,intersection_id,energy_consumption_intersection,queueing_robot
robot-1,taking_pod,"(13,14)",8.55000000000001,16.050000000000026,15-15,0.002188125,1
robot-6,taking_pod,"(16,10)",12.90000000000002,17.85000000000001,15-15,0.0028312499999999987,1
robot-6,taking_pod,"(16,10)",17.85000000000001,22.649999999999963,15-12,0.00202375,1
