robot_name,robot_state,robot_destination,intersection_start_time,intersection_finish_time,intersection_id,energy_consumption_intersection,queueing_robot
robot-5,taking_pod,"(13,17)",4.950000000000001,5.700000000000003,15-12,0.0007337499999999999,0
robot-12,taking_pod,"(12,25)",8.250000000000009,12.300000000000018,15-15,0.0057375,1
robot-9,taking_pod,"(10,16)",11.100000000000016,14.400000000000023,15-12,0.00067875,1
robot-17,taking_pod,"(18,16)",18.450000000000003,19.349999999999994,15-15,0.000598125,0
robot-3,delivering_pod,"(4,21)",40.79999999999979,44.84999999999975,15-15,0.0057375,2
robot-6,delivering_pod,"(4,15)",42.599999999999774,46.94999999999973,15-15,0.005086249999999999,1
robot-10,delivering_pod,"(4,15)",46.94999999999973,50.999999999999694,15-15,0.0057375,1
