robot_name,robot_state,robot_destination,intersection_start_time,intersection_finish_time,intersection_id,energy_consumption_intersection,queueing_robot
robot-19,delivering_pod,"(4,9)",25.349999999999937,30.29999999999989,15-15,0.0021843749999999997,1
robot-10,delivering_pod,"(4,15)",32.54999999999987,36.59999999999983,15-15,0.00580125,1
robot-5,delivering_pod,"(4,9)",40.0499999999998,43.94999999999976,15-15,0.005578125,2
robot-4,delivering_pod,"(4,9)",43.94999999999976,48.44999999999972,15-15,0.0022368749999999997,1
robot-1,taking_pod,"(10,11)",50.2499999999997,51.14999999999969,15-12,0.0005981250000000001,0
robot-8,delivering_pod,"(4,9)",58.64999999999962,62.699999999999584,15-15,0.00580125,1
robot-7,taking_pod,"(18,16)",61.94999999999959,62.84999999999958,15-15,0.000598125,0
robot-20,returning_pod,"(12,16)",62.09999999999959,68.84999999999975,15-12,0.005049374999999999,1
robot-7,delivering_pod,"(4,21)",71.24999999999984,75.90000000000002,15-15,0.0025593749999999996,0
