robot_name,robot_state,robot_destination,intersection_start_time,intersection_finish_time,intersection_id,energy_consumption_intersection,queueing_robot
robot-1,delivering_pod,"(4,9)",10.800000000000015,17.400000000000013,15-15,0.001381875,0
robot-16,delivering_pod,"(4,9)",23.249999999999957,27.29999999999992,15-15,0.00580125,1
robot-4,delivering_pod,"(4,15)",30.149999999999892,34.94999999999985,15-15,0.0020725,3
robot-13,delivering_pod,"(4,15)",29.2499999999999,36.74999999999983,15-15,0.005326874999999999,2
robot-3,delivering_pod,"(4,9)",34.64999999999985,38.84999999999981,15-15,0.004884374999999999,1
robot-8,delivering_pod,"(4,15)",42.29999999999978,46.34999999999974,15-15,0.00580125,1
