robot_name,robot_state,robot_destination,intersection_start_time,intersection_finish_time,intersection_id,energy_consumption_intersection,queueing_robot
robot-18,taking_pod,"(20,16)",10.350000000000014,11.250000000000016,15-15,0.000609375,0
robot-6,delivering_pod,"(4,15)",16.65000000000002,20.69999999999998,15-15,0.0057375,1
robot-11,taking_pod,"(31,14)",22.94999999999996,23.549999999999955,15-12,0.0006693749999999998,0
robot-18,delivering_pod,"(4,15)",18.450000000000003,25.04999999999994,15-15,0.00546,1
