robot_name,robot_state,robot_destination,intersection_start_time,intersection_finish_time,intersection_id,energy_consumption_intersection,queueing_robot
robot-10,taking_pod,"(30,4)",6.150000000000004,10.200000000000014,15-15,0.001666875,0
robot-15,taking_pod,"(11,11)",11.100000000000016,12.000000000000018,15-12,0.0005981250000000001,1
robot-10,taking_pod,"(30,4)",10.200000000000014,15.000000000000025,15-12,0.0020725,1
robot-15,delivering_pod,"(4,15)",18.6,27.449999999999918,15-12,0.003962499999999999,0
robot-8,delivering_pod,"(4,15)",32.54999999999987,36.59999999999983,15-15,0.0057375,3
robot-16,delivering_pod,"(4,21)",34.34999999999985,38.69999999999981,15-15,0.005086249999999999,2
robot-19,delivering_pod,"(4,21)",36.299999999999834,40.64999999999979,15-15,0.004799999999999998,1
robot-2,delivering_pod,"(4,9)",42.74999999999977,46.649999999999736,15-15,0.005578125,1
robot-17,delivering_pod,"(4,15)",47.09999999999973,51.14999999999969,15-15,0.00580125,1
