robot_name,robot_state,robot_destination,intersection_start_time,intersection_finish_time,intersection_id,energy_consumption_intersection,queueing_robot
robot-9,taking_pod,"(16,13)",15.750000000000027,16.65000000000002,15-12,0.0006093750000000001,0
robot-10,delivering_pod,"(4,21)",26.09999999999993,30.149999999999892,15-12,0.001666875,0
robot-19,delivering_pod,"(4,21)",36.149999999999835,40.0499999999998,15-15,0.005578125,2
robot-13,delivering_pod,"(4,21)",32.69999999999987,40.79999999999979,15-12,0.002975624999999998,1
robot-17,delivering_pod,"(4,21)",38.399999999999814,42.449999999999775,15-15,0.005261249999999999,1
robot-7,delivering_pod,"(44,9)",34.34999999999985,42.74999999999977,15-12,0.0055724999999999985,1
robot-3,taking_pod,"(12,13)",45.14999999999975,46.04999999999974,15-12,0.0006093750000000001,0
robot-3,delivering_pod,"(44,9)",52.64999999999968,58.04999999999963,15-12,0.0036749999999999986,0
