robot_name,robot_state,robot_destination,intersection_start_time,intersection_finish_time,intersection_id,energy_consumption_intersection,queueing_robot
robot-16,taking_pod,"(19,11)",5.400000000000002,12.90000000000002,15-12,0.002149375,0
robot-3,delivering_pod,"(4,15)",25.04999999999994,28.949999999999903,15-15,0.005578125,1
robot-9,delivering_pod,"(4,15)",29.549999999999898,33.59999999999986,15-15,0.00580125,1
robot-16,delivering_pod,"(4,21)",37.349999999999824,41.399999999999785,15-15,0.0057375,3
robot-20,delivering_pod,"(4,15)",39.14999999999981,43.499999999999766,15-15,0.005086249999999999,3
robot-17,taking_pod,"(10,17)",41.24999999999979,45.749999999999744,15-15,0.004696874999999998,2
robot-19,delivering_pod,"(4,15)",43.04999999999977,49.799999999999706,15-15,0.005137499999999999,1
