robot_name,robot_state,robot_destination,intersection_start_time,intersection_finish_time,intersection_id,energy_consumption_intersection,queueing_robot
robot-8,taking_pod,"(16,2)",16.050000000000026,22.199999999999967,15-15,0.004080624999999999,1
robot-1,delivering_pod,"(4,21)",32.09999999999987,35.99999999999984,15-15,0.005578125,1
robot-9,delivering_pod,"(4,21)",40.79999999999979,44.84999999999975,15-15,0.00580125,1
robot-19,delivering_pod,"(4,15)",53.54999999999967,57.44999999999963,15-15,0.005578125,1
