campaign_id,allocation_patch_id,simulation_semantics_id,run_id,condition_key,policy_configuration,robot_count,order_rate,replication,seed,stage_first_requested,status,termination_reason,source_machine_id,repo_commit,error_type,error_message,simulated_ticks,simulated_seconds,orders_generated,orders_completed,order_lines_completed,order_throughput,average_order_cycle_time,maximum_order_cycle_time,pile_on,pod_visit_picking,pod_visit_replenishment,pod_utilization,total_robot_distance,loaded_robot_distance,empty_robot_distance,robot_distance_per_order,robot_idle_time,robot_cycle_time,stop_and_go_count,turning_count,average_job_queue,peak_job_queue,congestion_detected,replenishment_count,replenishment_trips,replenishment_action_completed_count,replenishment_pick_ratio,total_energy_kj,average_energy,energy_efficiency,total_fixed_load_energy,energy_efficiency_fixed,max_station_assignment_share,station_imbalance_ratio,machine_id,kpi_schema_version,kpi_complete,rts_checkpoint_id,rts_checkpoint_sha256,pps_model_sha256,scenario_hash,layout_hash,rts_metadata_canonical_sha256,rts_feature_schema_canonical_sha256,charging_config_canonical_sha256
sensitivity_full_kpi_v2_217d072b72e4,allocation_patch_0001_a333e5c09773,sensitivity_simulation_semantics.v1,all_off__r10__arr400__rep001__b357bcbaeaba,all_off|robots=10|order_rate=400|rep=1,all_off,10,400,1,42,1,success,maximum_horizon,citi_gojira,e958497e1ffacbc663322c59aac33833eb245e70,,,580000,87000.0,14992,617,1315,25.53103448275862,405.71799027552674,6483.0,19.84035759897829,783,19,6.628099173553719,47368.102500007946,39270.4649999975,8097.637500000098,76.77164100487512,1203.45,147.83533501875186,13620,10058,4.79643275862069,32,False,87,19,19,0.024265644955300127,16861.648853332048,1686.164885333205,0.03659191371892874,0.0,0.0,0.3857374392220421,1.3370786516853932,citi_gojira,sensitivity_full_kpi.v2,True,not_applicable,7d78e89d4d0146476665fb6365d79ce3a766f94c84c4a6e8f3583cfb5629259b,b4113bb51676ca0f2009cf78ebfd012dd376103cd98b0775f7d8843670773476,1f35a64bfcb1,4da9ea23ed6a3b4d42c573cd8b994a414148182d,,,
sensitivity_full_kpi_v2_217d072b72e4,allocation_patch_0001_a333e5c09773,sensitivity_simulation_semantics.v1,all_off__r10__arr400__rep002__e4fa7cdd9caf,all_off|robots=10|order_rate=400|rep=2,all_off,10,400,2,43,4,success,maximum_horizon,win_admin,e958497e1ffacbc663322c59aac33833eb245e70,,,580000,87000.0,14992,1985,3798,82.13793103448276,389.86498740554157,8979.0,23.403217697335343,1989,86,17.14876033057851,121922.50500005037,102308.22000005841,19614.28499999924,61.42191687659968,159582.30000000002,158.05413043541895,36014,26660,4.454387931034483,33,False,585,86,86,0.043237807943690296,41554.87373966631,4155.487373966631,0.04776816342736744,0.0,0.0,0.3602015113350126,1.2654867256637168,win_admin,sensitivity_full_kpi.v2,True,not_applicable,7d78e89d4d0146476665fb6365d79ce3a766f94c84c4a6e8f3583cfb5629259b,b4113bb51676ca0f2009cf78ebfd012dd376103cd98b0775f7d8843670773476,1f35a64bfcb1,4da9ea23ed6a3b4d42c573cd8b994a414148182d,,,
sensitivity_full_kpi_v2_217d072b72e4,allocation_patch_0001_a333e5c09773,sensitivity_simulation_semantics.v1,all_off__r10__arr400__rep003__837d291177cf,all_off|robots=10|order_rate=400|rep=3,all_off,10,400,3,44,4,success,maximum_horizon,win_admin,e958497e1ffacbc663322c59aac33833eb245e70,,,580000,87000.0,14992,1980,3778,81.93103448275862,355.8651515151515,5744.0,21.51386994088222,2199,111,19.09090909090909,248868.04500104603,226808.77500103426,22059.26999999908,125.69093181871011,446121.3,151.3257037685519,39964,30207,4.917846551724138,32,False,722,111,111,0.0504774897680764,59625.418351071094,5962.541835107109,0.03320731417500288,0.0,0.0,0.3717171717171717,1.3072824156305507,win_admin,sensitivity_full_kpi.v2,True,not_applicable,7d78e89d4d0146476665fb6365d79ce3a766f94c84c4a6e8f3583cfb5629259b,b4113bb51676ca0f2009cf78ebfd012dd376103cd98b0775f7d8843670773476,1f35a64bfcb1,4da9ea23ed6a3b4d42c573cd8b994a414148182d,,,
sensitivity_full_kpi_v2_217d072b72e4,allocation_patch_0001_a333e5c09773,sensitivity_simulation_semantics.v1,all_off__r10__arr400__rep004__ff17b89751bb,all_off|robots=10|order_rate=400|rep=4,all_off,10,400,4,45,4,success,maximum_horizon,win_admin,e958497e1ffacbc663322c59aac33833eb245e70,,,580000,87000.0,14992,2665,5294,110.27586206896551,311.3984990619137,9485.0,18.783910196445277,3207,175,27.950413223140497,328958.595001108,296866.3275012501,32092.26749999858,123.43662101354897,258259.49999999997,146.52776627310908,59005,45209,6.166341379310345,31,False,1356,175,175,0.0545681322107889,97705.91323299217,9770.591323299217,0.027275728887001638,0.0,0.0,0.38649155722326456,1.619496855345912,win_admin,sensitivity_full_kpi.v2,True,not_applicable,7d78e89d4d0146476665fb6365d79ce3a766f94c84c4a6e8f3583cfb5629259b,b4113bb51676ca0f2009cf78ebfd012dd376103cd98b0775f7d8843670773476,1f35a64bfcb1,4da9ea23ed6a3b4d42c573cd8b994a414148182d,,,
sensitivity_full_kpi_v2_217d072b72e4,allocation_patch_0001_a333e5c09773,sensitivity_simulation_semantics.v1,all_off__r10__arr400__rep005__6d0eb554ad43,all_off|robots=10|order_rate=400|rep=5,all_off,10,400,5,46,4,success,maximum_horizon,citi_angiebow,e958497e1ffacbc663322c59aac33833eb245e70,,,580000,87000.0,14992,5137,9759,212.5655172413793,381.6420089546428,15519.0,23.244649518947575,5093,247,44.13223140495868,317713.4099993199,266818.3424995526,50895.06750001438,61.84804555174613,7340.7,162.01671057513366,93174,68520,11.88171724137931,33,False,2326,247,247,0.048497938346750445,103641.0844851845,10364.108448518451,0.049565286059259,0.0,0.0,0.36227370060346503,1.2398401065956028,citi_angiebow,sensitivity_full_kpi.v2,True,not_applicable,7d78e89d4d0146476665fb6365d79ce3a766f94c84c4a6e8f3583cfb5629259b,b4113bb51676ca0f2009cf78ebfd012dd376103cd98b0775f7d8843670773476,1f35a64bfcb1,4da9ea23ed6a3b4d42c573cd8b994a414148182d,,,
sensitivity_full_kpi_v2_217d072b72e4,allocation_patch_0001_a333e5c09773,sensitivity_simulation_semantics.v1,all_off__r10__arr400__rep009__5b904433dbfa,all_off|robots=10|order_rate=400|rep=9,all_off,10,400,9,50,4,success,maximum_horizon,codex_local,e958497e1ffacbc663322c59aac33833eb245e70,,,580000,87000.0,14992,1069,2285,44.234482758620686,411.7352666043031,6342.0,19.888372093023257,1290,52,11.090909090909092,79393.83750005573,66017.49750003748,13376.339999999811,74.26925865299881,2806.7999999999997,150.12432432438786,23084,16995,5.25766724137931,31,False,352,52,52,0.040310077519379844,27245.084424532695,2724.5084424532697,0.039236435583859836,0.0,0.0,0.35827876520112256,1.2197452229299364,codex_local,sensitivity_full_kpi.v2,True,not_applicable,7d78e89d4d0146476665fb6365d79ce3a766f94c84c4a6e8f3583cfb5629259b,b4113bb51676ca0f2009cf78ebfd012dd376103cd98b0775f7d8843670773476,1f35a64bfcb1,4da9ea23ed6a3b4d42c573cd8b994a414148182d,,,
sensitivity_full_kpi_v2_217d072b72e4,allocation_patch_0001_a333e5c09773,sensitivity_simulation_semantics.v1,all_off__r10__arr400__rep010__f0b2551cb385,all_off|robots=10|order_rate=400|rep=10,all_off,10,400,10,51,4,success,maximum_horizon,codex_local,e958497e1ffacbc663322c59aac33833eb245e70,,,580000,87000.0,14992,500,1099,20.689655172413794,386.984,4725.0,18.559701492537314,670,15,5.661157024793388,40714.31249999825,33520.76999999764,7193.542500000105,81.42862499999649,55.94999999999999,146.80357142838892,11618,8497,7.181403448275862,32,False,55,15,15,0.022388059701492536,14324.011912398186,1432.4011912398187,0.03490642168254717,0.0,0.0,0.352,1.1733333333333333,codex_local,sensitivity_full_kpi.v2,True,not_applicable,7d78e89d4d0146476665fb6365d79ce3a766f94c84c4a6e8f3583cfb5629259b,b4113bb51676ca0f2009cf78ebfd012dd376103cd98b0775f7d8843670773476,1f35a64bfcb1,4da9ea23ed6a3b4d42c573cd8b994a414148182d,,,
sensitivity_full_kpi_v2_217d072b72e4,allocation_patch_0001_a333e5c09773,sensitivity_simulation_semantics.v1,all_off__r10__arr400__rep011__57c9575c6bd3,all_off|robots=10|order_rate=400|rep=11,all_off,10,400,11,52,4,success,maximum_horizon,codex_local,e958497e1ffacbc663322c59aac33833eb245e70,,,580000,87000.0,14992,3585,6717,148.3448275862069,377.921059972106,19936.0,23.643538594969645,3459,180,30.074380165289256,215567.8649997888,179469.3149999636,36098.55000000125,60.13050627609172,7718.699999999999,164.01096988226436,67136,50343,11.700762068965517,32,False,1589,180,180,0.05203816131830009,71955.46688611794,7195.546688611794,0.04982248264296425,0.0,0.0,0.3606694560669456,1.2553398058252427,codex_local,sensitivity_full_kpi.v2,True,not_applicable,7d78e89d4d0146476665fb6365d79ce3a766f94c84c4a6e8f3583cfb5629259b,b4113bb51676ca0f2009cf78ebfd012dd376103cd98b0775f7d8843670773476,1f35a64bfcb1,4da9ea23ed6a3b4d42c573cd8b994a414148182d,,,
sensitivity_full_kpi_v2_217d072b72e4,allocation_patch_0001_a333e5c09773,sensitivity_simulation_semantics.v1,all_off__r10__arr400__rep012__82a46121a55f,all_off|robots=10|order_rate=400|rep=12,all_off,10,400,12,53,4,success,maximum_horizon,codex_local,e958497e1ffacbc663322c59aac33833eb245e70,,,580000,87000.0,14992,2722,5277,112.63448275862068,376.1781778104335,7704.0,22.158321579689705,2836,124,24.462809917355372,176990.0399999653,148550.73750003104,28439.30249999873,65.02205731078813,3846.15,154.69503570300802,56852,43390,12.135924137931035,32,False,1069,124,124,0.04372355430183357,61012.40197759959,6101.240197759959,0.044613880322223166,0.0,0.0,0.3552534900808229,1.1457345971563981,codex_local,sensitivity_full_kpi.v2,True,not_applicable,7d78e89d4d0146476665fb6365d79ce3a766f94c84c4a6e8f3583cfb5629259b,b4113bb51676ca0f2009cf78ebfd012dd376103cd98b0775f7d8843670773476,1f35a64bfcb1,4da9ea23ed6a3b4d42c573cd8b994a414148182d,,,
sensitivity_full_kpi_v2_217d072b72e4,allocation_patch_0001_a333e5c09773,sensitivity_simulation_semantics.v1,all_off__r10__arr400__rep013__89afeb61f054,all_off|robots=10|order_rate=400|rep=13,all_off,10,400,13,54,4,success,maximum_horizon,codex_local,e958497e1ffacbc663322c59aac33833eb245e70,,,580000,87000.0,14992,3678,7186,152.19310344827585,360.40511147362696,23666.0,20.108067729083665,4016,226,35.05785123966942,329374.25999997056,288387.9000000975,40986.36000000198,89.55254486132968,48212.84999999999,146.54904413594534,75612,57727,8.314712068965518,33,False,1945,226,226,0.05627490039840637,95777.21731513074,9577.721731513073,0.038401616826039854,0.0,0.0,0.3420337139749864,1.0457190357439734,codex_local,sensitivity_full_kpi.v2,True,not_applicable,7d78e89d4d0146476665fb6365d79ce3a766f94c84c4a6e8f3583cfb5629259b,b4113bb51676ca0f2009cf78ebfd012dd376103cd98b0775f7d8843670773476,1f35a64bfcb1,4da9ea23ed6a3b4d42c573cd8b994a414148182d,,,
sensitivity_full_kpi_v2_217d072b72e4,allocation_patch_0001_a333e5c09773,sensitivity_simulation_semantics.v1,all_off__r10__arr400__rep014__eb223cfaefbb,all_off|robots=10|order_rate=400|rep=14,all_off,10,400,14,55,4,success,maximum_horizon,codex_local,e958497e1ffacbc663322c59aac33833eb245e70,,,580000,87000.0,14992,1956,3870,80.93793103448276,266.84406952965236,6693.0,17.96579867858531,2573,92,22.024793388429753,286440.0750013189,262601.73000137025,23838.34499999927,146.4417561356436,412602.5999999999,139.3818693700887,46919,36123,4.2514,32,False,637,92,92,0.03575592693354061,93717.14976213845,9371.714976213845,0.020871313361156236,0.0,0.0,0.38496932515337423,1.5336048879837068,codex_local,sensitivity_full_kpi.v2,True,not_applicable,7d78e89d4d0146476665fb6365d79ce3a766f94c84c4a6e8f3583cfb5629259b,b4113bb51676ca0f2009cf78ebfd012dd376103cd98b0775f7d8843670773476,1f35a64bfcb1,4da9ea23ed6a3b4d42c573cd8b994a414148182d,,,
sensitivity_full_kpi_v2_217d072b72e4,allocation_patch_0001_a333e5c09773,sensitivity_simulation_semantics.v1,all_off__r10__arr400__rep015__03176c9c338c,all_off|robots=10|order_rate=400|rep=15,all_off,10,400,15,56,4,success,maximum_horizon,codex_local,e958497e1ffacbc663322c59aac33833eb245e70,,,580000,87000.0,14992,950,1941,39.310344827586206,392.8147368421053,5222.0,19.75512021371327,1123,33,9.553719008264462,76243.74750001302,55985.51250002117,20258.235000011457,80.25657631580319,1616.8500000000001,147.03415710482514,40551,35568,15.626886206896552,32,False,194,33,33,0.029385574354407838,24513.46271129158,2451.346271129158,0.03875421482426486,0.0,0.0,0.3705263157894737,1.2394366197183098,codex_local,sensitivity_full_kpi.v2,True,not_applicable,7d78e89d4d0146476665fb6365d79ce3a766f94c84c4a6e8f3583cfb5629259b,b4113bb51676ca0f2009cf78ebfd012dd376103cd98b0775f7d8843670773476,1f35a64bfcb1,4da9ea23ed6a3b4d42c573cd8b994a414148182d,,,
sensitivity_full_kpi_v2_217d072b72e4,allocation_patch_0001_a333e5c09773,sensitivity_simulation_semantics.v1,all_off__r10__arr400__rep016__8e528843d78d,all_off|robots=10|order_rate=400|rep=16,all_off,10,400,16,57,4,success,maximum_horizon,codex_local,e958497e1ffacbc663322c59aac33833eb245e70,,,580000,87000.0,14992,456,1039,18.868965517241378,441.2236842105263,8746.0,17.153488372093022,645,15,5.454545454545454,39420.719999997586,32578.312499997883,6842.407500000102,86.44894736841576,296.40000000000003,145.52004608277463,11393,8403,3.3230155172413793,31,False,46,15,15,0.023255813953488372,13419.880061574291,1341.988006157429,0.03397943930256754,0.0,0.0,0.37719298245614036,1.4700854700854702,codex_local,sensitivity_full_kpi.v2,True,not_applicable,7d78e89d4d0146476665fb6365d79ce3a766f94c84c4a6e8f3583cfb5629259b,b4113bb51676ca0f2009cf78ebfd012dd376103cd98b0775f7d8843670773476,1f35a64bfcb1,4da9ea23ed6a3b4d42c573cd8b994a414148182d,,,
sensitivity_full_kpi_v2_217d072b72e4,allocation_patch_0001_a333e5c09773,sensitivity_simulation_semantics.v1,all_off__r10__arr400__rep017__83ad7c69d460,all_off|robots=10|order_rate=400|rep=17,all_off,10,400,17,58,4,success,maximum_horizon,win_lukman,e958497e1ffacbc663322c59aac33833eb245e70,,,580000,87000.0,14992,555,1170,22.96551724137931,368.0126126126126,5218.0,18.266375545851528,687,11,5.768595041322314,41320.23749999949,33996.172499997716,7324.065000000116,74.45087837837747,1042.1999999999998,143.2715529751479,11966,8780,3.5514844827586205,32,False,37,11,11,0.01601164483260553,14149.619583329153,1414.9619583329154,0.03922366935248858,0.0,0.0,0.3567567567567568,1.2298136645962734,win_lukman,sensitivity_full_kpi.v2,True,not_applicable,7d78e89d4d0146476665fb6365d79ce3a766f94c84c4a6e8f3583cfb5629259b,b4113bb51676ca0f2009cf78ebfd012dd376103cd98b0775f7d8843670773476,1f35a64bfcb1,4da9ea23ed6a3b4d42c573cd8b994a414148182d,,,
sensitivity_full_kpi_v2_217d072b72e4,allocation_patch_0001_a333e5c09773,sensitivity_simulation_semantics.v1,all_off__r10__arr400__rep018__6ebd9edee00a,all_off|robots=10|order_rate=400|rep=18,all_off,10,400,18,59,4,success,maximum_horizon,win_lukman,e958497e1ffacbc663322c59aac33833eb245e70,,,580000,87000.0,14992,1828,3693,75.64137931034482,383.6061269146608,7264.0,20.39692765113974,2018,74,17.289256198347108,216852.9975006952,196530.66000066878,20322.337499999165,118.62855443145251,1845.5999999999997,147.09201438902522,35796,26702,4.882303448275862,31,False,570,74,74,0.036669970267591674,59798.395464727924,5979.839546472793,0.03056938210120112,0.0,0.0,0.399890590809628,1.3537037037037036,win_lukman,sensitivity_full_kpi.v2,True,not_applicable,7d78e89d4d0146476665fb6365d79ce3a766f94c84c4a6e8f3583cfb5629259b,b4113bb51676ca0f2009cf78ebfd012dd376103cd98b0775f7d8843670773476,1f35a64bfcb1,4da9ea23ed6a3b4d42c573cd8b994a414148182d,,,
sensitivity_full_kpi_v2_217d072b72e4,allocation_patch_0001_a333e5c09773,sensitivity_simulation_semantics.v1,all_off__r10__arr400__rep019__d59ef43718fa,all_off|robots=10|order_rate=400|rep=19,all_off,10,400,19,60,4,success,maximum_horizon,win_lukman,e958497e1ffacbc663322c59aac33833eb245e70,,,580000,87000.0,14992,2595,4975,107.37931034482759,389.2543352601156,6097.0,22.893904320987655,2592,112,22.34710743801653,161595.6750000133,132916.14000004737,28679.53500000353,62.271936416190094,2613.1499999999996,162.38802161042005,53502,40873,12.266908620689655,31,False,959,112,112,0.043209876543209874,55332.33940991983,5533.233940991982,0.04689843277319982,0.0,0.0,0.35221579961464355,1.103864734299517,win_lukman,sensitivity_full_kpi.v2,True,not_applicable,7d78e89d4d0146476665fb6365d79ce3a766f94c84c4a6e8f3583cfb5629259b,b4113bb51676ca0f2009cf78ebfd012dd376103cd98b0775f7d8843670773476,1f35a64bfcb1,4da9ea23ed6a3b4d42c573cd8b994a414148182d,,,
sensitivity_full_kpi_v2_217d072b72e4,allocation_patch_0001_a333e5c09773,sensitivity_simulation_semantics.v1,all_off__r10__arr400__rep020__14e098a34d17,all_off|robots=10|order_rate=400|rep=20,all_off,10,400,20,61,4,success,maximum_horizon,win_lukman,e958497e1ffacbc663322c59aac33833eb245e70,,,580000,87000.0,14992,339,762,14.027586206896551,370.92625368731564,4644.0,15.812382739212007,533,8,4.471074380165289,38515.27500000151,26680.02749999809,11835.247500006015,113.6143805309779,80081.09999999999,130.81990654195567,18400,16064,1.4306568965517241,32,False,23,8,8,0.0150093808630394,11442.610989302133,1144.2610989302134,0.029626105468143253,0.0,0.0,0.35988200589970504,1.1296296296296295,win_lukman,sensitivity_full_kpi.v2,True,not_applicable,7d78e89d4d0146476665fb6365d79ce3a766f94c84c4a6e8f3583cfb5629259b,b4113bb51676ca0f2009cf78ebfd012dd376103cd98b0775f7d8843670773476,1f35a64bfcb1,4da9ea23ed6a3b4d42c573cd8b994a414148182d,,,
sensitivity_full_kpi_v2_217d072b72e4,allocation_patch_0001_a333e5c09773,sensitivity_simulation_semantics.v1,all_off__r10__arr500__rep001__720d2d685201,all_off|robots=10|order_rate=500|rep=1,all_off,10,500,1,42,1,success,maximum_horizon,win_lukman,e958497e1ffacbc663322c59aac33833eb245e70,,,580000,87000.0,14992,1705,3219,70.55172413793103,382.1824046920821,7031.0,23.463371054198927,1679,85,14.578512396694215,206297.86500085663,189399.35250083305,16898.512499999448,120.99581524976928,958.9500000000002,160.03965222398074,30638,22852,6.842186206896551,32,False,566,85,85,0.05062537224538416,49695.90245318202,4969.590245318202,0.03430866360876055,0.0,0.0,0.3601173020527859,1.143389199255121,win_lukman,sensitivity_full_kpi.v2,True,not_applicable,7d78e89d4d0146476665fb6365d79ce3a766f94c84c4a6e8f3583cfb5629259b,b4113bb51676ca0f2009cf78ebfd012dd376103cd98b0775f7d8843670773476,1f35a64bfcb1,4da9ea23ed6a3b4d42c573cd8b994a414148182d,,,
sensitivity_full_kpi_v2_217d072b72e4,allocation_patch_0001_a333e5c09773,sensitivity_simulation_semantics.v1,all_off__r10__arr500__rep005__e70aace483b8,all_off|robots=10|order_rate=500|rep=5,all_off,10,500,5,46,4,success,maximum_horizon,citi_gojira,e958497e1ffacbc663322c59aac33833eb245e70,,,580000,87000.0,14992,2135,4096,88.34482758620689,385.04355971896956,7628.0,23.17035294117647,2125,89,18.297520661157026,134046.1800000261,112674.71250003742,21371.46749999908,62.78509601874759,52217.1,161.91103307730108,46141,35925,5.414858620689655,32,False,641,89,89,0.04188235294117647,45626.566267820046,4562.656626782004,0.04679291418661487,0.0,0.0,0.380327868852459,1.2727272727272727,citi_gojira,sensitivity_full_kpi.v2,True,not_applicable,7d78e89d4d0146476665fb6365d79ce3a766f94c84c4a6e8f3583cfb5629259b,b4113bb51676ca0f2009cf78ebfd012dd376103cd98b0775f7d8843670773476,1f35a64bfcb1,4da9ea23ed6a3b4d42c573cd8b994a414148182d,,,
sensitivity_full_kpi_v2_217d072b72e4,allocation_patch_0001_a333e5c09773,sensitivity_simulation_semantics.v1,all_off__r10__arr500__rep006__5ef022c3d901,all_off|robots=10|order_rate=500|rep=6,all_off,10,500,6,47,4,success,maximum_horizon,citi_gojira,e958497e1ffacbc663322c59aac33833eb245e70,,,580000,87000.0,14992,4301,7663,177.97241379310344,336.50709137409905,7957.0,24.31094467262624,4139,256,36.32231404958678,329093.57249968435,287669.159999803,41424.412500001636,76.51559462908261,105196.65,163.70205962691008,77180,57857,9.212924137931035,32,False,2166,256,256,0.06185068857211887,97578.55694680409,9757.85569468041,0.04407730688561763,0.0,0.0,0.3687514531504301,1.3973568281938327,citi_gojira,sensitivity_full_kpi.v2,True,not_applicable,7d78e89d4d0146476665fb6365d79ce3a766f94c84c4a6e8f3583cfb5629259b,b4113bb51676ca0f2009cf78ebfd012dd376103cd98b0775f7d8843670773476,1f35a64bfcb1,4da9ea23ed6a3b4d42c573cd8b994a414148182d,,,
sensitivity_full_kpi_v2_217d072b72e4,allocation_patch_0001_a333e5c09773,sensitivity_simulation_semantics.v1,all_off__r10__arr500__rep007__ed024af0b39a,all_off|robots=10|order_rate=500|rep=7,all_off,10,500,7,48,4,success,maximum_horizon,citi_gojira,e958497e1ffacbc663322c59aac33833eb245e70,,,580000,87000.0,14992,4695,8705,194.2758620689655,288.10543130990413,16100.0,22.532158777329656,4711,275,41.20661157024794,354616.2899993569,251227.462499618,103388.82749974927,75.53062619794609,27731.850000000002,161.0947881095316,87660,64638,8.775013793103449,32,False,2260,275,275,0.05837401825514753,102094.22511445831,10209.422511445831,0.045986930159236855,0.0,0.0,0.46006389776357826,2.3126338329764455,citi_gojira,sensitivity_full_kpi.v2,True,not_applicable,7d78e89d4d0146476665fb6365d79ce3a766f94c84c4a6e8f3583cfb5629259b,b4113bb51676ca0f2009cf78ebfd012dd376103cd98b0775f7d8843670773476,1f35a64bfcb1,4da9ea23ed6a3b4d42c573cd8b994a414148182d,,,
sensitivity_full_kpi_v2_217d072b72e4,allocation_patch_0001_a333e5c09773,sensitivity_simulation_semantics.v1,all_off__r10__arr500__rep008__71245415e451,all_off|robots=10|order_rate=500|rep=8,all_off,10,500,8,49,4,success,maximum_horizon,citi_gojira,e958497e1ffacbc663322c59aac33833eb245e70,,,580000,87000.0,14992,1214,2326,50.234482758620686,372.73970345963755,8109.0,21.47826086956522,1334,45,11.396694214876034,199495.82250108314,181672.02000107398,17823.802500005968,164.32934308161708,1873.1999999999998,154.06260964930289,33743,27617,6.238415517241379,31,False,284,45,45,0.03373313343328336,63300.00175381743,6330.000175381743,0.0191785144765306,0.0,0.0,0.3525535420098847,1.1790633608815426,citi_gojira,sensitivity_full_kpi.v2,True,not_applicable,7d78e89d4d0146476665fb6365d79ce3a766f94c84c4a6e8f3583cfb5629259b,b4113bb51676ca0f2009cf78ebfd012dd376103cd98b0775f7d8843670773476,1f35a64bfcb1,4da9ea23ed6a3b4d42c573cd8b994a414148182d,,,
sensitivity_full_kpi_v2_217d072b72e4,allocation_patch_0001_a333e5c09773,sensitivity_simulation_semantics.v1,all_off__r10__arr500__rep009__171d2ec99dbe,all_off|robots=10|order_rate=500|rep=9,all_off,10,500,9,50,4,success,maximum_horizon,citi_gojira,e958497e1ffacbc663322c59aac33833eb245e70,,,580000,87000.0,14992,1200,2382,49.6551724137931,410.6741666666667,5946.0,23.11277602523659,1268,54,10.925619834710744,77423.71500005607,64717.60500003549,12706.109999999853,64.51976250004672,1392.0,160.45496535809738,22498,16554,15.390987931034482,31,False,320,54,54,0.04258675078864353,27342.256436893007,2734.225643689301,0.043888111530577104,0.0,0.0,0.3416666666666667,1.056701030927835,citi_gojira,sensitivity_full_kpi.v2,True,not_applicable,7d78e89d4d0146476665fb6365d79ce3a766f94c84c4a6e8f3583cfb5629259b,b4113bb51676ca0f2009cf78ebfd012dd376103cd98b0775f7d8843670773476,1f35a64bfcb1,4da9ea23ed6a3b4d42c573cd8b994a414148182d,,,
sensitivity_full_kpi_v2_217d072b72e4,allocation_patch_0001_a333e5c09773,sensitivity_simulation_semantics.v1,all_off__r10__arr500__rep010__f166dceb0358,all_off|robots=10|order_rate=500|rep=10,all_off,10,500,10,51,4,success,maximum_horizon,citi_gojira,e958497e1ffacbc663322c59aac33833eb245e70,,,580000,87000.0,14992,5346,9386,221.21379310344827,368.268050879162,16663.0,26.38469623712424,4757,260,41.46280991735537,297862.9199994126,249700.63499963362,48162.28500000966,55.71696969685982,8291.699999999999,171.68717026304373,87741,64248,11.244727586206897,30,False,2359,260,260,0.05465629598486441,98329.29585406807,9832.929585406808,0.054368334010385634,0.0,0.0,0.36232697343808457,1.2965194109772422,citi_gojira,sensitivity_full_kpi.v2,True,not_applicable,7d78e89d4d0146476665fb6365d79ce3a766f94c84c4a6e8f3583cfb5629259b,b4113bb51676ca0f2009cf78ebfd012dd376103cd98b0775f7d8843670773476,1f35a64bfcb1,4da9ea23ed6a3b4d42c573cd8b994a414148182d,,,
sensitivity_full_kpi_v2_217d072b72e4,allocation_patch_0001_a333e5c09773,sensitivity_simulation_semantics.v1,all_off__r10__arr500__rep011__ef98d72fc370,all_off|robots=10|order_rate=500|rep=11,all_off,10,500,11,52,4,success,maximum_horizon,citi_gojira,e958497e1ffacbc663322c59aac33833eb245e70,,,580000,87000.0,14992,4303,7755,178.0551724137931,367.5054613060655,17809.0,24.872677730988357,4037,197,34.99173553719008,247940.594999646,208788.70499982516,39151.889999998355,57.62040320698257,8645.4,163.63050284695586,73273,53706,11.464405172413793,32,False,1787,197,197,0.04879861283131038,81616.0434022717,8161.60434022717,0.05272247735400796,0.0,0.0,0.35974901231698814,1.158682634730539,citi_gojira,sensitivity_full_kpi.v2,True,not_applicable,7d78e89d4d0146476665fb6365d79ce3a766f94c84c4a6e8f3583cfb5629259b,b4113bb51676ca0f2009cf78ebfd012dd376103cd98b0775f7d8843670773476,1f35a64bfcb1,4da9ea23ed6a3b4d42c573cd8b994a414148182d,,,
sensitivity_full_kpi_v2_217d072b72e4,allocation_patch_0001_a333e5c09773,sensitivity_simulation_semantics.v1,all_off__r10__arr500__rep012__0f46bac1d71a,all_off|robots=10|order_rate=500|rep=12,all_off,10,500,12,53,4,success,maximum_horizon,citi_gojira,e958497e1ffacbc663322c59aac33833eb245e70,,,580000,87000.0,14992,1223,2449,50.606896551724134,397.5748160261652,7513.0,19.629656160458453,1396,42,11.884297520661157,93719.67750002141,70905.26250004565,22814.415000010606,76.63097097303468,1512.3,147.18207547182902,44289,35535,3.4665741379310346,30,False,259,42,42,0.03008595988538682,29707.598604608622,2970.759860460862,0.041167918561087355,0.0,0.0,0.36140637775960754,1.2415730337078652,citi_gojira,sensitivity_full_kpi.v2,True,not_applicable,7d78e89d4d0146476665fb6365d79ce3a766f94c84c4a6e8f3583cfb5629259b,b4113bb51676ca0f2009cf78ebfd012dd376103cd98b0775f7d8843670773476,1f35a64bfcb1,4da9ea23ed6a3b4d42c573cd8b994a414148182d,,,
sensitivity_full_kpi_v2_217d072b72e4,allocation_patch_0001_a333e5c09773,sensitivity_simulation_semantics.v1,all_off__r10__arr500__rep013__bd667c24c739,all_off|robots=10|order_rate=500|rep=13,all_off,10,500,13,54,4,success,maximum_horizon,citi_gojira,e958497e1ffacbc663322c59aac33833eb245e70,,,580000,87000.0,14992,1302,2556,53.87586206896552,377.1874039938556,6141.0,21.965439519158526,1331,51,11.421487603305785,98775.4049994191,77737.02749988897,21038.377500011764,75.86436635900084,1253.1,154.50328707099686,900165,17484,7.109386206896552,31,False,315,51,51,0.03831705484598046,32242.10088029241,3224.210088029241,0.040381983941866255,0.0,0.0,0.3425499231950845,1.0799031476997578,citi_gojira,sensitivity_full_kpi.v2,True,not_applicable,7d78e89d4d0146476665fb6365d79ce3a766f94c84c4a6e8f3583cfb5629259b,b4113bb51676ca0f2009cf78ebfd012dd376103cd98b0775f7d8843670773476,1f35a64bfcb1,4da9ea23ed6a3b4d42c573cd8b994a414148182d,,,
sensitivity_full_kpi_v2_217d072b72e4,allocation_patch_0001_a333e5c09773,sensitivity_simulation_semantics.v1,all_off__r10__arr500__rep014__c8e6d784cadf,all_off|robots=10|order_rate=500|rep=14,all_off,10,500,14,55,4,success,maximum_horizon,citi_gojira,e958497e1ffacbc663322c59aac33833eb245e70,,,580000,87000.0,14992,435,834,18.0,348.4758620689655,6008.0,20.307692307692307,494,6,4.132231404958677,28886.01749999818,23905.462499998364,4980.555000000085,66.4046379310303,690.9,149.9351351350128,8435,6227,12.288318965517242,30,False,17,6,6,0.012145748987854251,9959.811831888532,995.9811831888532,0.04367552392980475,0.0,0.0,0.35172413793103446,1.16793893129771,citi_gojira,sensitivity_full_kpi.v2,True,not_applicable,7d78e89d4d0146476665fb6365d79ce3a766f94c84c4a6e8f3583cfb5629259b,b4113bb51676ca0f2009cf78ebfd012dd376103cd98b0775f7d8843670773476,1f35a64bfcb1,4da9ea23ed6a3b4d42c573cd8b994a414148182d,,,
sensitivity_full_kpi_v2_217d072b72e4,allocation_patch_0001_a333e5c09773,sensitivity_simulation_semantics.v1,all_off__r10__arr500__rep015__5ea4d5735911,all_off|robots=10|order_rate=500|rep=15,all_off,10,500,15,56,4,success,maximum_horizon,citi_gojira,e958497e1ffacbc663322c59aac33833eb245e70,,,580000,87000.0,14992,3089,5489,127.8206896551724,353.89478795726774,7806.0,25.1078360891445,2782,148,24.214876033057852,176377.94999998074,145348.58250004493,31029.367500002692,57.09872126901287,4611.3,161.4701505312107,54739,41585,6.545193103448276,32,False,1156,148,148,0.053199137311286844,57923.929477434955,5792.392947743496,0.053328564340638554,0.0,0.0,0.3596633214632567,1.1489141675284384,citi_gojira,sensitivity_full_kpi.v2,True,not_applicable,7d78e89d4d0146476665fb6365d79ce3a766f94c84c4a6e8f3583cfb5629259b,b4113bb51676ca0f2009cf78ebfd012dd376103cd98b0775f7d8843670773476,1f35a64bfcb1,4da9ea23ed6a3b4d42c573cd8b994a414148182d,,,
sensitivity_full_kpi_v2_217d072b72e4,allocation_patch_0001_a333e5c09773,sensitivity_simulation_semantics.v1,all_off__r10__arr500__rep016__6ebd1afaf597,all_off|robots=10|order_rate=500|rep=16,all_off,10,500,16,57,4,success,maximum_horizon,citi_gojira,e958497e1ffacbc663322c59aac33833eb245e70,,,580000,87000.0,14992,1558,2948,64.46896551724137,269.44736842105266,5253.0,19.314699792960663,1932,89,16.702479338842974,240519.28500128235,221642.66250128162,18876.622499999365,154.37694801109265,505980.8999999999,139.1927970302082,33534,24940,3.496855172413793,33,False,534,89,89,0.04606625258799172,61730.01640155271,6173.001640155271,0.025238937081520217,0.0,0.0,0.37098844672657255,1.2117400419287212,citi_gojira,sensitivity_full_kpi.v2,True,not_applicable,7d78e89d4d0146476665fb6365d79ce3a766f94c84c4a6e8f3583cfb5629259b,b4113bb51676ca0f2009cf78ebfd012dd376103cd98b0775f7d8843670773476,1f35a64bfcb1,4da9ea23ed6a3b4d42c573cd8b994a414148182d,,,
sensitivity_full_kpi_v2_217d072b72e4,allocation_patch_0001_a333e5c09773,sensitivity_simulation_semantics.v1,all_off__r10__arr500__rep017__1544a32b2ac7,all_off|robots=10|order_rate=500|rep=17,all_off,10,500,17,58,4,success,maximum_horizon,citi_gojira,e958497e1ffacbc663322c59aac33833eb245e70,,,580000,87000.0,14992,2759,5274,114.1655172413793,336.1141718013773,7397.0,21.527535258562793,2978,153,25.876033057851238,363723.99750098813,334591.80750102823,29132.189999998773,131.83182221855316,262096.04999999996,156.34079578232314,54808,41553,6.3346086206896555,33,False,1259,153,153,0.05137676292813969,103151.36231204237,10315.136231204237,0.026747101910818888,0.0,0.0,0.446901051105473,1.8293768545994065,citi_gojira,sensitivity_full_kpi.v2,True,not_applicable,7d78e89d4d0146476665fb6365d79ce3a766f94c84c4a6e8f3583cfb5629259b,b4113bb51676ca0f2009cf78ebfd012dd376103cd98b0775f7d8843670773476,1f35a64bfcb1,4da9ea23ed6a3b4d42c573cd8b994a414148182d,,,
sensitivity_full_kpi_v2_217d072b72e4,allocation_patch_0001_a333e5c09773,sensitivity_simulation_semantics.v1,all_off__r10__arr500__rep018__8edd70ffbaa8,all_off|robots=10|order_rate=500|rep=18,all_off,10,500,18,59,4,success,maximum_horizon,citi_gojira,e958497e1ffacbc663322c59aac33833eb245e70,,,580000,87000.0,14992,3175,6145,131.3793103448276,299.3851968503937,5822.0,20.285438499724215,3626,188,31.520661157024794,442559.7000014662,407714.3775015618,34845.32249999926,139.38888189022558,148084.64999999997,151.96149003201333,67553,52433,7.650131034482759,32,False,1464,188,188,0.05184776613348042,118094.3531518318,11809.43531518318,0.026885282109280526,0.0,0.0,0.41921259842519687,2.2636054421768708,citi_gojira,sensitivity_full_kpi.v2,True,not_applicable,7d78e89d4d0146476665fb6365d79ce3a766f94c84c4a6e8f3583cfb5629259b,b4113bb51676ca0f2009cf78ebfd012dd376103cd98b0775f7d8843670773476,1f35a64bfcb1,4da9ea23ed6a3b4d42c573cd8b994a414148182d,,,
sensitivity_full_kpi_v2_217d072b72e4,allocation_patch_0001_a333e5c09773,sensitivity_simulation_semantics.v1,all_off__r10__arr500__rep019__41099658f8c4,all_off|robots=10|order_rate=500|rep=19,all_off,10,500,19,60,4,success,maximum_horizon,citi_gojira,e958497e1ffacbc663322c59aac33833eb245e70,,,580000,87000.0,14992,603,1312,24.951724137931034,389.37810945273634,4727.0,17.25030826140567,811,17,6.8429752066115705,48632.60250000977,40169.452499997955,8463.1500000001,80.65108208956845,151724.25,139.1276427701564,14098,10336,1.962191379310345,33,False,88,17,17,0.02096177558569667,17108.82981074815,1710.882981074815,0.03524495869502319,0.0,0.0,0.37976782752902155,1.440251572327044,citi_gojira,sensitivity_full_kpi.v2,True,not_applicable,7d78e89d4d0146476665fb6365d79ce3a766f94c84c4a6e8f3583cfb5629259b,b4113bb51676ca0f2009cf78ebfd012dd376103cd98b0775f7d8843670773476,1f35a64bfcb1,4da9ea23ed6a3b4d42c573cd8b994a414148182d,,,
sensitivity_full_kpi_v2_217d072b72e4,allocation_patch_0001_a333e5c09773,sensitivity_simulation_semantics.v1,all_off__r10__arr500__rep020__7c6ca89dc242,all_off|robots=10|order_rate=500|rep=20,all_off,10,500,20,61,4,success,maximum_horizon,citi_gojira,e958497e1ffacbc663322c59aac33833eb245e70,,,580000,87000.0,14992,2074,3939,85.82068965517242,382.64513018322083,6924.0,22.69985429820301,2059,83,17.702479338842974,127417.72500003055,103960.71000005615,23457.015000004692,61.43574011573315,2358.8999999999996,158.66829383952407,44913,35280,19.995563793103447,32,False,684,83,83,0.04031083050024284,42488.705488092375,4248.870548809237,0.04881297220460733,0.0,0.0,0.33799421407907426,1.0248538011695907,citi_gojira,sensitivity_full_kpi.v2,True,not_applicable,7d78e89d4d0146476665fb6365d79ce3a766f94c84c4a6e8f3583cfb5629259b,b4113bb51676ca0f2009cf78ebfd012dd376103cd98b0775f7d8843670773476,1f35a64bfcb1,4da9ea23ed6a3b4d42c573cd8b994a414148182d,,,
sensitivity_full_kpi_v2_217d072b72e4,allocation_patch_0001_a333e5c09773,sensitivity_simulation_semantics.v1,all_off__r10__arr600__rep001__af361dd266e0,all_off|robots=10|order_rate=600|rep=1,all_off,10,600,1,42,1,success,maximum_horizon,codex_local,e958497e1ffacbc663322c59aac33833eb245e70,,,580000,87000.0,14992,309,514,12.786206896551723,296.7346278317152,3216.0,21.02285714285714,350,1,2.9008264462809916,20837.542499998803,16953.952499999195,3883.5900000000393,67.43541262135535,81325.05,153.16260869561827,6089,4525,1.1181637931034483,31,False,1,1,1,0.002857142857142857,7377.17035981524,737.717035981524,0.04188597862443004,0.0,0.0,0.3656957928802589,1.2282608695652173,codex_local,sensitivity_full_kpi.v2,True,not_applicable,7d78e89d4d0146476665fb6365d79ce3a766f94c84c4a6e8f3583cfb5629259b,b4113bb51676ca0f2009cf78ebfd012dd376103cd98b0775f7d8843670773476,1f35a64bfcb1,4da9ea23ed6a3b4d42c573cd8b994a414148182d,,,
sensitivity_full_kpi_v2_217d072b72e4,allocation_patch_0001_a333e5c09773,sensitivity_simulation_semantics.v1,all_off__r10__arr600__rep002__348230d2cd08,all_off|robots=10|order_rate=600|rep=2,all_off,10,600,2,43,4,success,maximum_horizon,citi_gojira,e958497e1ffacbc663322c59aac33833eb245e70,,,580000,87000.0,14992,2446,4289,101.21379310344827,386.09975470155354,10663.0,27.831920903954803,2124,98,18.363636363636363,135653.55750002593,111130.56000005356,24522.997500004127,55.45934484874322,3575.85,179.77124153589185,46715,36246,5.908474137931035,32,False,709,98,98,0.046139359698681735,44213.85977900715,4421.385977900715,0.05532201920903922,0.0,0.0,0.3385118560915781,1.0362953692115144,citi_gojira,sensitivity_full_kpi.v2,True,not_applicable,7d78e89d4d0146476665fb6365d79ce3a766f94c84c4a6e8f3583cfb5629259b,b4113bb51676ca0f2009cf78ebfd012dd376103cd98b0775f7d8843670773476,1f35a64bfcb1,4da9ea23ed6a3b4d42c573cd8b994a414148182d,,,
sensitivity_full_kpi_v2_217d072b72e4,allocation_patch_0001_a333e5c09773,sensitivity_simulation_semantics.v1,all_off__r10__arr600__rep003__c58208d6868d,all_off|robots=10|order_rate=600|rep=3,all_off,10,600,3,44,4,success,maximum_horizon,citi_gojira,e958497e1ffacbc663322c59aac33833eb245e70,,,580000,87000.0,14992,2805,4895,116.06896551724137,305.97005347593586,8146.0,25.88893280632411,2530,144,22.09917355371901,256262.6250007408,231876.00000073586,24386.624999999185,91.35922459919459,319929.75,181.10072951845714,48750,36020,4.9634603448275865,32,False,1029,144,144,0.05691699604743083,85671.50901719698,8567.150901719699,0.03274133994111097,0.0,0.0,0.5183600713012477,2.38752052545156,citi_gojira,sensitivity_full_kpi.v2,True,not_applicable,7d78e89d4d0146476665fb6365d79ce3a766f94c84c4a6e8f3583cfb5629259b,b4113bb51676ca0f2009cf78ebfd012dd376103cd98b0775f7d8843670773476,1f35a64bfcb1,4da9ea23ed6a3b4d42c573cd8b994a414148182d,,,
sensitivity_full_kpi_v2_217d072b72e4,allocation_patch_0001_a333e5c09773,sensitivity_simulation_semantics.v1,all_off__r10__arr600__rep004__c8be845b66d8,all_off|robots=10|order_rate=600|rep=4,all_off,10,600,4,45,4,success,maximum_horizon,citi_gojira,e958497e1ffacbc663322c59aac33833eb245e70,,,580000,87000.0,14992,1601,2885,66.24827586206897,350.1673953778888,5285.0,25.32359081419624,1437,78,12.520661157024794,93932.43750004431,74956.25250005201,18976.185000004378,58.67110399752924,3198.45,162.94030000034792,33114,26464,8.924756896551724,31,False,491,78,78,0.054279749478079335,31222.353556929123,3122.2353556929124,0.05127736437552104,0.0,0.0,0.3485321673953779,1.1027667984189724,citi_gojira,sensitivity_full_kpi.v2,True,not_applicable,7d78e89d4d0146476665fb6365d79ce3a766f94c84c4a6e8f3583cfb5629259b,b4113bb51676ca0f2009cf78ebfd012dd376103cd98b0775f7d8843670773476,1f35a64bfcb1,4da9ea23ed6a3b4d42c573cd8b994a414148182d,,,
sensitivity_full_kpi_v2_217d072b72e4,allocation_patch_0001_a333e5c09773,sensitivity_simulation_semantics.v1,all_off__r10__arr600__rep005__6b4c3b896d3f,all_off|robots=10|order_rate=600|rep=5,all_off,10,600,5,46,4,success,maximum_horizon,citi_gojira,e958497e1ffacbc663322c59aac33833eb245e70,,,580000,87000.0,14992,4014,6912,166.09655172413792,342.16367713004485,8776.0,24.78917301414581,3676,226,32.247933884297524,292590.24749962415,256025.7674997182,36564.47999999831,72.89243834071354,185608.34999999998,165.2598564479704,68402,51241,8.085577586206897,32,False,1904,226,226,0.06147986942328618,90267.04220610979,9026.70422061098,0.044468057243248295,0.0,0.0,0.3572496263079223,1.14171974522293,citi_gojira,sensitivity_full_kpi.v2,True,not_applicable,7d78e89d4d0146476665fb6365d79ce3a766f94c84c4a6e8f3583cfb5629259b,b4113bb51676ca0f2009cf78ebfd012dd376103cd98b0775f7d8843670773476,1f35a64bfcb1,4da9ea23ed6a3b4d42c573cd8b994a414148182d,,,
sensitivity_full_kpi_v2_217d072b72e4,allocation_patch_0001_a333e5c09773,sensitivity_simulation_semantics.v1,all_off__r10__arr600__rep006__8fffa4e225d6,all_off|robots=10|order_rate=600|rep=6,all_off,10,600,6,47,4,success,maximum_horizon,citi_gojira,e958497e1ffacbc663322c59aac33833eb245e70,,,580000,87000.0,14992,4495,7894,186.0,351.53859844271415,9476.0,25.935019841269842,4032,223,35.16528925619835,250814.90249963186,210586.18499981472,40228.71749999848,55.798643492687845,4842.6,169.1075861259764,74031,54559,11.064806896551724,32,False,1962,223,223,0.05530753968253968,82264.47446200383,8226.447446200382,0.054640840160914694,0.0,0.0,0.3563959955506118,1.1946308724832215,citi_gojira,sensitivity_full_kpi.v2,True,not_applicable,7d78e89d4d0146476665fb6365d79ce3a766f94c84c4a6e8f3583cfb5629259b,b4113bb51676ca0f2009cf78ebfd012dd376103cd98b0775f7d8843670773476,1f35a64bfcb1,4da9ea23ed6a3b4d42c573cd8b994a414148182d,,,
sensitivity_full_kpi_v2_217d072b72e4,allocation_patch_0001_a333e5c09773,sensitivity_simulation_semantics.v1,all_off__r10__arr600__rep007__2f98aee4dd71,all_off|robots=10|order_rate=600|rep=7,all_off,10,600,7,48,4,success,maximum_horizon,citi_gojira,e958497e1ffacbc663322c59aac33833eb245e70,,,580000,87000.0,14992,2895,5401,119.79310344827586,279.7443868739206,5945.0,20.929851668726823,3236,169,28.140495867768596,322687.68750097597,292298.3325011059,30389.354999999086,111.4637953371247,260090.85,155.38841069424177,60276,45760,6.080786206896552,32,False,1299,169,169,0.052224969097651425,103885.69532833526,10388.569532833526,0.027867166801456414,0.0,0.0,0.4867012089810017,2.0509461426491993,citi_gojira,sensitivity_full_kpi.v2,True,not_applicable,7d78e89d4d0146476665fb6365d79ce3a766f94c84c4a6e8f3583cfb5629259b,b4113bb51676ca0f2009cf78ebfd012dd376103cd98b0775f7d8843670773476,1f35a64bfcb1,4da9ea23ed6a3b4d42c573cd8b994a414148182d,,,
sensitivity_full_kpi_v2_217d072b72e4,allocation_patch_0001_a333e5c09773,sensitivity_simulation_semantics.v1,all_off__r15__arr400__rep001__dfcc2f69a566,all_off|robots=15|order_rate=400|rep=1,all_off,15,400,1,42,1,success,maximum_horizon,alisha_pc,e958497e1ffacbc663322c59aac33833eb245e70,,,580000,87000.0,14992,255,653,10.551724137931034,399.5764705882353,3573.0,13.602484472049689,483,13,4.099173553719008,33330.4425000067,23235.884999999067,10094.557500005369,130.7076176470851,2284.8,146.37351063829917,21422,18877,13.967737931034483,28,False,42,13,13,0.026915113871635612,10434.835411148755,695.6556940765837,0.024437376341130756,0.0,0.0,0.39215686274509803,1.408450704225352,alisha_pc,sensitivity_full_kpi.v2,True,not_applicable,7d78e89d4d0146476665fb6365d79ce3a766f94c84c4a6e8f3583cfb5629259b,b4113bb51676ca0f2009cf78ebfd012dd376103cd98b0775f7d8843670773476,1f35a64bfcb1,4da9ea23ed6a3b4d42c573cd8b994a414148182d,,,
sensitivity_full_kpi_v2_217d072b72e4,allocation_patch_0001_a333e5c09773,sensitivity_simulation_semantics.v1,all_off__r15__arr400__rep002__c37408a0f984,all_off|robots=15|order_rate=400|rep=2,all_off,15,400,2,43,4,success,maximum_horizon,citi_gojira,e958497e1ffacbc663322c59aac33833eb245e70,,,580000,87000.0,14992,2847,5782,117.80689655172414,285.8120828942747,3781.0,22.363161332462443,3062,169,26.702479338842974,285781.9500007196,162390.9150000802,123391.03500046983,100.38003161247615,196948.64999999997,183.46605647004867,61483,43457,4.324731034482759,28,False,1331,169,169,0.05519268451992162,67837.9737116128,4522.531580774186,0.04196764502582185,0.0,0.0,0.36599929750614685,1.342783505154639,citi_gojira,sensitivity_full_kpi.v2,True,not_applicable,7d78e89d4d0146476665fb6365d79ce3a766f94c84c4a6e8f3583cfb5629259b,b4113bb51676ca0f2009cf78ebfd012dd376103cd98b0775f7d8843670773476,1f35a64bfcb1,4da9ea23ed6a3b4d42c573cd8b994a414148182d,,,
sensitivity_full_kpi_v2_217d072b72e4,allocation_patch_0001_a333e5c09773,sensitivity_simulation_semantics.v1,all_off__r15__arr400__rep003__812e5a0176e4,all_off|robots=15|order_rate=400|rep=3,all_off,15,400,3,44,4,success,maximum_horizon,citi_gojira,e958497e1ffacbc663322c59aac33833eb245e70,,,580000,87000.0,14992,942,2027,38.97931034482758,306.5859872611465,4700.0,20.352524357838796,1129,36,9.62809917355372,72812.70000000665,56760.232499997175,16052.467500006042,77.29585987261852,4318.199999999999,168.37750439341508,32673,26499,14.415893103448276,29,False,183,36,36,0.03188662533215235,24607.140141223183,1640.476009414879,0.03828157171429734,0.0,0.0,0.34182590233545646,1.0488599348534202,citi_gojira,sensitivity_full_kpi.v2,True,not_applicable,7d78e89d4d0146476665fb6365d79ce3a766f94c84c4a6e8f3583cfb5629259b,b4113bb51676ca0f2009cf78ebfd012dd376103cd98b0775f7d8843670773476,1f35a64bfcb1,4da9ea23ed6a3b4d42c573cd8b994a414148182d,,,
sensitivity_full_kpi_v2_217d072b72e4,allocation_patch_0001_a333e5c09773,sensitivity_simulation_semantics.v1,all_off__r15__arr400__rep016__fd176bde8b35,all_off|robots=15|order_rate=400|rep=16,all_off,15,400,16,57,4,success,maximum_horizon,win_admin,e958497e1ffacbc663322c59aac33833eb245e70,,,580000,87000.0,14992,2240,4655,92.6896551724138,281.45535714285717,6802.0,20.065209197135317,2653,144,23.115702479338843,271821.5100009659,247496.8725009589,24324.63749999937,121.34888839328835,749893.2,172.90053648138357,52588,37713,3.3638310344827587,28,False,1044,144,144,0.05427817565020731,115160.89084469118,7677.392722979412,0.01945104786503362,0.0,0.0,0.35446428571428573,1.1262411347517731,win_admin,sensitivity_full_kpi.v2,True,not_applicable,7d78e89d4d0146476665fb6365d79ce3a766f94c84c4a6e8f3583cfb5629259b,b4113bb51676ca0f2009cf78ebfd012dd376103cd98b0775f7d8843670773476,1f35a64bfcb1,4da9ea23ed6a3b4d42c573cd8b994a414148182d,,,
sensitivity_full_kpi_v2_217d072b72e4,allocation_patch_0001_a333e5c09773,sensitivity_simulation_semantics.v1,all_off__r15__arr400__rep017__6ebd0a1371fd,all_off|robots=15|order_rate=400|rep=17,all_off,15,400,17,58,4,success,maximum_horizon,win_admin,e958497e1ffacbc663322c59aac33833eb245e70,,,580000,87000.0,14992,426,934,17.627586206896552,344.4765258215962,4589.0,18.394642857142856,560,14,4.743801652892562,43362.81000001501,27235.394999998447,16127.415000011488,101.79063380285213,686.2500000000001,174.9222744359932,34534,31497,28.695275862068964,31,False,52,14,14,0.025,12297.713571695134,819.8475714463423,0.034640585627274414,0.0,0.0,0.38028169014084506,1.396551724137931,win_admin,sensitivity_full_kpi.v2,True,not_applicable,7d78e89d4d0146476665fb6365d79ce3a766f94c84c4a6e8f3583cfb5629259b,b4113bb51676ca0f2009cf78ebfd012dd376103cd98b0775f7d8843670773476,1f35a64bfcb1,4da9ea23ed6a3b4d42c573cd8b994a414148182d,,,
sensitivity_full_kpi_v2_217d072b72e4,allocation_patch_0001_a333e5c09773,sensitivity_simulation_semantics.v1,all_off__r15__arr500__rep001__6d123b099363,all_off|robots=15|order_rate=500|rep=1,all_off,15,500,1,42,1,success,maximum_horizon,dewa_macbook,e958497e1ffacbc663322c59aac33833eb245e70,,,580000,87000.0,14992,1969,3921,81.47586206896551,267.04926358557645,4902.0,19.839900456242223,2411,131,21.00826446280992,263521.64250109764,241863.79500109612,21657.847499999636,133.83526790304603,788371.6499999999,173.4171782768952,48256,34520,2.8277189655172412,29,False,898,131,131,0.05433430111986728,71472.34697038986,4764.823131359324,0.02754911631509363,0.0,0.0,0.36820721178263077,1.1983471074380165,dewa_macbook,sensitivity_full_kpi.v2,True,not_applicable,7d78e89d4d0146476665fb6365d79ce3a766f94c84c4a6e8f3583cfb5629259b,b4113bb51676ca0f2009cf78ebfd012dd376103cd98b0775f7d8843670773476,1f35a64bfcb1,4da9ea23ed6a3b4d42c573cd8b994a414148182d,,,
sensitivity_full_kpi_v2_217d072b72e4,allocation_patch_0001_a333e5c09773,sensitivity_simulation_semantics.v1,all_off__r15__arr600__rep001__e300a75fb33c,all_off|robots=15|order_rate=600|rep=1,all_off,15,600,1,42,1,success,maximum_horizon,alisha_pc,e958497e1ffacbc663322c59aac33833eb245e70,,,580000,87000.0,14992,6717,11192,277.9448275862069,282.5374423105553,5016.0,30.552952755905512,5080,397,45.264462809917354,327029.8049996668,277841.67749989685,49188.127499998365,48.686884769936995,32987.700000000004,219.2292825764,106668,75710,8.15888275862069,28,False,3153,397,397,0.0781496062992126,111201.14138877678,7413.409425918452,0.060404056254389556,0.0,0.0,0.3363108530594015,1.0161943319838056,alisha_pc,sensitivity_full_kpi.v2,True,not_applicable,7d78e89d4d0146476665fb6365d79ce3a766f94c84c4a6e8f3583cfb5629259b,b4113bb51676ca0f2009cf78ebfd012dd376103cd98b0775f7d8843670773476,1f35a64bfcb1,4da9ea23ed6a3b4d42c573cd8b994a414148182d,,,
sensitivity_full_kpi_v2_217d072b72e4,allocation_patch_0001_a333e5c09773,sensitivity_simulation_semantics.v1,all_off__r15__arr600__rep010__219ec7ba90be,all_off|robots=15|order_rate=600|rep=10,all_off,15,600,10,51,4,success,maximum_horizon,citi_gojira,e958497e1ffacbc663322c59aac33833eb245e70,,,580000,87000.0,14992,2844,5323,117.68275862068965,289.28023909985933,4239.0,24.505115574081092,2639,156,23.09917355371901,331646.40000083845,305845.6950007738,25800.704999999194,116.61265822814292,62242.2,189.48216594911787,53539,38115,4.039387931034483,29,False,1232,156,156,0.059113300492610835,100215.73399143407,6681.048932762272,0.028378777330943766,0.0,0.0,0.3590014064697609,1.198356807511737,citi_gojira,sensitivity_full_kpi.v2,True,not_applicable,7d78e89d4d0146476665fb6365d79ce3a766f94c84c4a6e8f3583cfb5629259b,b4113bb51676ca0f2009cf78ebfd012dd376103cd98b0775f7d8843670773476,1f35a64bfcb1,4da9ea23ed6a3b4d42c573cd8b994a414148182d,,,
sensitivity_full_kpi_v2_217d072b72e4,allocation_patch_0001_a333e5c09773,sensitivity_simulation_semantics.v1,all_off__r15__arr600__rep011__981b827cb1a0,all_off|robots=15|order_rate=600|rep=11,all_off,15,600,11,52,4,success,maximum_horizon,citi_gojira,e958497e1ffacbc663322c59aac33833eb245e70,,,580000,87000.0,14992,1984,3741,82.09655172413792,289.68649193548384,4774.0,25.334096109839816,1748,100,15.272727272727273,117129.66750004515,91716.41250004541,25413.255000009125,59.037130796393726,8427.3,193.44144341207505,52084,41770,7.5821327586206895,28,False,703,100,100,0.057208237986270026,38008.58366455601,2533.9055776370674,0.052198735356985465,0.0,0.0,0.3442540322580645,1.0507692307692307,citi_gojira,sensitivity_full_kpi.v2,True,not_applicable,7d78e89d4d0146476665fb6365d79ce3a766f94c84c4a6e8f3583cfb5629259b,b4113bb51676ca0f2009cf78ebfd012dd376103cd98b0775f7d8843670773476,1f35a64bfcb1,4da9ea23ed6a3b4d42c573cd8b994a414148182d,,,
sensitivity_full_kpi_v2_217d072b72e4,allocation_patch_0001_a333e5c09773,sensitivity_simulation_semantics.v1,all_off__r15__arr600__rep012__8a539e84b620,all_off|robots=15|order_rate=600|rep=12,all_off,15,600,12,53,4,success,maximum_horizon,citi_gojira,e958497e1ffacbc663322c59aac33833eb245e70,,,580000,87000.0,14992,458,840,18.951724137931034,245.2008733624454,4082.0,20.148535564853557,478,6,4.0,27604.619999998646,22727.24999999918,4877.370000000014,60.27209606986604,325.80000000000007,174.62171492201398,8828,6276,22.409029310344827,28,False,21,6,6,0.012552301255230125,9570.800475237338,638.0533650158226,0.04785388653592661,0.0,0.0,0.36899563318777295,1.207142857142857,citi_gojira,sensitivity_full_kpi.v2,True,not_applicable,7d78e89d4d0146476665fb6365d79ce3a766f94c84c4a6e8f3583cfb5629259b,b4113bb51676ca0f2009cf78ebfd012dd376103cd98b0775f7d8843670773476,1f35a64bfcb1,4da9ea23ed6a3b4d42c573cd8b994a414148182d,,,
sensitivity_full_kpi_v2_217d072b72e4,allocation_patch_0001_a333e5c09773,sensitivity_simulation_semantics.v1,all_off__r15__arr600__rep013__6a8d500f09e6,all_off|robots=15|order_rate=600|rep=13,all_off,15,600,13,54,4,success,maximum_horizon,citi_gojira,e958497e1ffacbc663322c59aac33833eb245e70,,,580000,87000.0,14992,1411,2662,58.38620689655172,292.0177179305457,5082.0,24.91042471042471,1295,62,11.214876033057852,79903.21500002666,67336.51500000643,12566.70000000014,56.62878454998346,5233.949999999999,194.95611940282618,26005,18429,6.091946551724138,29,False,375,62,62,0.047876447876447875,28343.694904897122,1889.5796603264748,0.04978179467195057,0.0,0.0,0.35223245924875973,1.137299771167048,citi_gojira,sensitivity_full_kpi.v2,True,not_applicable,7d78e89d4d0146476665fb6365d79ce3a766f94c84c4a6e8f3583cfb5629259b,b4113bb51676ca0f2009cf78ebfd012dd376103cd98b0775f7d8843670773476,1f35a64bfcb1,4da9ea23ed6a3b4d42c573cd8b994a414148182d,,,
sensitivity_full_kpi_v2_217d072b72e4,allocation_patch_0001_a333e5c09773,sensitivity_simulation_semantics.v1,all_off__r15__arr600__rep014__06fbc1d5d72c,all_off|robots=15|order_rate=600|rep=14,all_off,15,600,14,55,4,success,maximum_horizon,citi_gojira,e958497e1ffacbc663322c59aac33833eb245e70,,,580000,87000.0,14992,1760,3312,72.82758620689656,282.7147727272727,3310.0,26.834983498349835,1515,66,13.066115702479339,205811.97750094836,79425.2475000269,126386.73000082087,116.9386235800843,17553.749999999996,211.88001912079247,40695,31521,2.5121327586206896,30,False,444,66,66,0.04356435643564356,35639.51456684217,2375.967637789478,0.04938338867380214,0.0,0.0,0.39431818181818185,1.7704081632653061,citi_gojira,sensitivity_full_kpi.v2,True,not_applicable,7d78e89d4d0146476665fb6365d79ce3a766f94c84c4a6e8f3583cfb5629259b,b4113bb51676ca0f2009cf78ebfd012dd376103cd98b0775f7d8843670773476,1f35a64bfcb1,4da9ea23ed6a3b4d42c573cd8b994a414148182d,,,
sensitivity_full_kpi_v2_217d072b72e4,allocation_patch_0001_a333e5c09773,sensitivity_simulation_semantics.v1,all_off__r15__arr600__rep015__ba2f772ba7e2,all_off|robots=15|order_rate=600|rep=15,all_off,15,600,15,56,4,success,maximum_horizon,citi_gojira,e958497e1ffacbc663322c59aac33833eb245e70,,,580000,87000.0,14992,400,813,16.551724137931032,294.81,3866.0,18.883168316831682,505,7,4.231404958677686,34579.23750000617,24316.98749999894,10262.250000005337,86.44809375001543,852.4499999999999,167.91714579050358,21940,19268,12.97994827586207,26,False,19,7,7,0.013861386138613862,10570.946556860508,704.7297704573672,0.03783956316952538,0.0,0.0,0.345,1.0866141732283465,citi_gojira,sensitivity_full_kpi.v2,True,not_applicable,7d78e89d4d0146476665fb6365d79ce3a766f94c84c4a6e8f3583cfb5629259b,b4113bb51676ca0f2009cf78ebfd012dd376103cd98b0775f7d8843670773476,1f35a64bfcb1,4da9ea23ed6a3b4d42c573cd8b994a414148182d,,,
sensitivity_full_kpi_v2_217d072b72e4,allocation_patch_0001_a333e5c09773,sensitivity_simulation_semantics.v1,all_off__r20__arr400__rep001__0a4ac200a1a4,all_off|robots=20|order_rate=400|rep=1,all_off,20,400,1,42,1,success,maximum_horizon,win_admin,e958497e1ffacbc663322c59aac33833eb245e70,,,580000,87000.0,14992,2581,5435,106.8,280.7907787679194,3091.0,24.132140137090634,2626,153,22.96694214876033,163582.62750012227,139177.82250008907,24404.80499999986,63.37955346769557,16511.250000000004,221.83701818264234,57127,38945,10.41486551724138,25,False,1177,153,153,0.05826351865955826,54654.79865371548,2732.739932685774,0.04722366678821424,0.0,0.0,0.3390158853157691,1.0318396226415094,win_admin,sensitivity_full_kpi.v2,True,not_applicable,7d78e89d4d0146476665fb6365d79ce3a766f94c84c4a6e8f3583cfb5629259b,b4113bb51676ca0f2009cf78ebfd012dd376103cd98b0775f7d8843670773476,1f35a64bfcb1,4da9ea23ed6a3b4d42c573cd8b994a414148182d,,,
sensitivity_full_kpi_v2_217d072b72e4,allocation_patch_0001_a333e5c09773,sensitivity_simulation_semantics.v1,all_off__r20__arr400__rep010__c2e763d62206,all_off|robots=20|order_rate=400|rep=10,all_off,20,400,10,51,4,success,maximum_horizon,citi_gojira,e958497e1ffacbc663322c59aac33833eb245e70,,,580000,87000.0,14992,2357,5039,97.53103448275861,235.3258379295715,3215.0,20.427246790299574,2804,154,24.446280991735538,366229.5975014443,341838.3375013923,24391.259999999926,155.3795492157167,754155.6,196.08622967548146,59321,41115,2.240651724137931,26,False,1195,154,154,0.05492154065620542,132832.0234189471,6641.601170947355,0.017744215132266056,0.0,0.0,0.3559609673313534,1.1127320954907163,citi_gojira,sensitivity_full_kpi.v2,True,not_applicable,7d78e89d4d0146476665fb6365d79ce3a766f94c84c4a6e8f3583cfb5629259b,b4113bb51676ca0f2009cf78ebfd012dd376103cd98b0775f7d8843670773476,1f35a64bfcb1,4da9ea23ed6a3b4d42c573cd8b994a414148182d,,,
sensitivity_full_kpi_v2_217d072b72e4,allocation_patch_0001_a333e5c09773,sensitivity_simulation_semantics.v1,all_off__r20__arr400__rep011__162bc34c4f60,all_off|robots=20|order_rate=400|rep=11,all_off,20,400,11,52,4,success,maximum_horizon,citi_gojira,e958497e1ffacbc663322c59aac33833eb245e70,,,580000,87000.0,14992,1579,3620,65.33793103448275,269.59594680177327,3173.0,19.5,1880,92,16.297520661157026,115762.59000005113,97623.1575000217,18139.432500000185,73.31386320459222,71823.45000000003,199.48711656445823,39685,27358,2.163460344827586,24,False,607,92,92,0.04893617021276596,39479.57243764661,1973.9786218823306,0.0399953672875725,0.0,0.0,0.35275490816972765,1.1437371663244353,citi_gojira,sensitivity_full_kpi.v2,True,not_applicable,7d78e89d4d0146476665fb6365d79ce3a766f94c84c4a6e8f3583cfb5629259b,b4113bb51676ca0f2009cf78ebfd012dd376103cd98b0775f7d8843670773476,1f35a64bfcb1,4da9ea23ed6a3b4d42c573cd8b994a414148182d,,,
sensitivity_full_kpi_v2_217d072b72e4,allocation_patch_0001_a333e5c09773,sensitivity_simulation_semantics.v1,all_off__r20__arr400__rep012__faa74365d64e,all_off|robots=20|order_rate=400|rep=12,all_off,20,400,12,53,4,success,maximum_horizon,citi_gojira,e958497e1ffacbc663322c59aac33833eb245e70,,,580000,87000.0,14992,1791,3981,74.1103448275862,216.44221105527637,4256.0,17.472359735973598,2424,98,20.84297520661157,265413.9600012563,245236.45500121536,20177.505000000092,148.1931658298472,1228639.8,171.0656882192325,50119,34366,1.80175,25,False,771,98,98,0.040429042904290426,92742.32434561562,4637.116217280781,0.019311571201575877,0.0,0.0,0.37018425460636517,1.3076923076923077,citi_gojira,sensitivity_full_kpi.v2,True,not_applicable,7d78e89d4d0146476665fb6365d79ce3a766f94c84c4a6e8f3583cfb5629259b,b4113bb51676ca0f2009cf78ebfd012dd376103cd98b0775f7d8843670773476,1f35a64bfcb1,4da9ea23ed6a3b4d42c573cd8b994a414148182d,,,
sensitivity_full_kpi_v2_217d072b72e4,allocation_patch_0001_a333e5c09773,sensitivity_simulation_semantics.v1,all_off__r20__arr400__rep013__819a599a1513,all_off|robots=20|order_rate=400|rep=13,all_off,20,400,13,54,4,success,maximum_horizon,citi_gojira,e958497e1ffacbc663322c59aac33833eb245e70,,,580000,87000.0,14992,1847,4201,76.42758620689655,271.8900920411478,3516.0,19.27963386727689,2185,112,18.983471074380166,135453.35250008316,115024.68000005,20428.672500000088,73.33695316734334,9655.050000000003,191.91048705598143,46902,32139,2.7854293103448278,25,False,795,112,112,0.05125858123569794,46768.24018957797,2338.4120094788987,0.03949261277553037,0.0,0.0,0.35246345425013537,1.1071428571428572,citi_gojira,sensitivity_full_kpi.v2,True,not_applicable,7d78e89d4d0146476665fb6365d79ce3a766f94c84c4a6e8f3583cfb5629259b,b4113bb51676ca0f2009cf78ebfd012dd376103cd98b0775f7d8843670773476,1f35a64bfcb1,4da9ea23ed6a3b4d42c573cd8b994a414148182d,,,
sensitivity_full_kpi_v2_217d072b72e4,allocation_patch_0001_a333e5c09773,sensitivity_simulation_semantics.v1,all_off__r20__arr400__rep014__e6105f03d5e9,all_off|robots=20|order_rate=400|rep=14,all_off,20,400,14,55,4,success,maximum_horizon,citi_gojira,e958497e1ffacbc663322c59aac33833eb245e70,,,580000,87000.0,14992,506,1305,20.93793103448276,288.90711462450594,3059.0,13.941520467836257,855,23,7.256198347107438,179835.81750133805,171705.87000133528,8129.947500000101,355.40675395521356,639228.6000000001,162.87854671266328,17568,12277,0.8780586206896551,24,False,102,23,23,0.026900584795321637,59470.53278927338,2973.5266394636687,0.008508415449932989,0.0,0.0,0.4150197628458498,1.5671641791044777,citi_gojira,sensitivity_full_kpi.v2,True,not_applicable,7d78e89d4d0146476665fb6365d79ce3a766f94c84c4a6e8f3583cfb5629259b,b4113bb51676ca0f2009cf78ebfd012dd376103cd98b0775f7d8843670773476,1f35a64bfcb1,4da9ea23ed6a3b4d42c573cd8b994a414148182d,,,
sensitivity_full_kpi_v2_217d072b72e4,allocation_patch_0001_a333e5c09773,sensitivity_simulation_semantics.v1,all_off__r20__arr400__rep015__e888da1d8e37,all_off|robots=20|order_rate=400|rep=15,all_off,20,400,15,56,4,success,maximum_horizon,citi_gojira,e958497e1ffacbc663322c59aac33833eb245e70,,,580000,87000.0,14992,1118,2756,46.26206896551724,289.2325581395349,3362.0,17.712392312789927,1509,71,13.057851239669422,97420.52250001351,78460.40249999681,18960.120000005336,87.13821332738239,6644.099999999999,181.24118024345367,42392,32570,4.047417241379311,25,False,449,71,71,0.04705102717031146,32352.089719015927,1617.6044859507963,0.03455727310693199,0.0,0.0,0.3676207513416816,1.2568807339449541,citi_gojira,sensitivity_full_kpi.v2,True,not_applicable,7d78e89d4d0146476665fb6365d79ce3a766f94c84c4a6e8f3583cfb5629259b,b4113bb51676ca0f2009cf78ebfd012dd376103cd98b0775f7d8843670773476,1f35a64bfcb1,4da9ea23ed6a3b4d42c573cd8b994a414148182d,,,
sensitivity_full_kpi_v2_217d072b72e4,allocation_patch_0001_a333e5c09773,sensitivity_simulation_semantics.v1,all_off__r20__arr500__rep001__2ffe4161fc8b,all_off|robots=20|order_rate=500|rep=1,all_off,20,500,1,42,1,success,maximum_horizon,citi_angiebow,e958497e1ffacbc663322c59aac33833eb245e70,,,580000,87000.0,14992,1735,3706,71.79310344827586,285.8172910662824,3135.0,23.534040178571427,1792,96,15.603305785123966,113931.87750004056,93450.5550000154,20481.322500004517,65.66678818446141,17983.05,219.8299352752771,48584,36393,14.721358620689655,24,False,675,96,96,0.05357142857142857,37864.2536134886,1893.2126806744302,0.04582158195195299,0.0,0.0,0.3452449567723343,1.085144927536232,citi_angiebow,sensitivity_full_kpi.v2,True,not_applicable,7d78e89d4d0146476665fb6365d79ce3a766f94c84c4a6e8f3583cfb5629259b,b4113bb51676ca0f2009cf78ebfd012dd376103cd98b0775f7d8843670773476,1f35a64bfcb1,4da9ea23ed6a3b4d42c573cd8b994a414148182d,,,
sensitivity_full_kpi_v2_217d072b72e4,allocation_patch_0001_a333e5c09773,sensitivity_simulation_semantics.v1,all_off__r20__arr500__rep003__73ca83a1e9c5,all_off|robots=20|order_rate=500|rep=3,all_off,20,500,3,44,3,success,maximum_horizon,citi_angiebow,e958497e1ffacbc663322c59aac33833eb245e70,,,580000,87000.0,14992,538,1194,22.26206896551724,262.15055762081784,3158.0,18.924357034795765,661,26,5.677685950413223,168524.34750121008,155591.61750119645,12932.730000006015,313.2422816007622,3931.6500000000005,190.5456325299968,22917,18720,5.2707310344827585,25,False,112,26,26,0.039334341906202726,43208.500336123936,2160.4250168061967,0.012451253707368586,0.0,0.0,0.36988847583643125,1.2756410256410255,citi_angiebow,sensitivity_full_kpi.v2,True,not_applicable,7d78e89d4d0146476665fb6365d79ce3a766f94c84c4a6e8f3583cfb5629259b,b4113bb51676ca0f2009cf78ebfd012dd376103cd98b0775f7d8843670773476,1f35a64bfcb1,4da9ea23ed6a3b4d42c573cd8b994a414148182d,,,
sensitivity_full_kpi_v2_217d072b72e4,allocation_patch_0001_a333e5c09773,sensitivity_simulation_semantics.v1,all_off__r20__arr500__rep004__7c0615cad99a,all_off|robots=20|order_rate=500|rep=4,all_off,20,500,4,45,3,success,maximum_horizon,citi_gojira,e958497e1ffacbc663322c59aac33833eb245e70,,,580000,87000.0,14992,5968,10950,246.95172413793102,253.28200402144773,3277.0,26.501442030378772,5201,401,46.29752066115702,381969.562499704,334970.70749978034,46998.85499999856,64.00294277810053,71510.55,231.09769878331326,116697,79616,5.190015517241379,26,False,3195,401,401,0.07710055758507979,120877.4170688457,6043.870853442285,0.049372332274447324,0.0,0.0,0.34232573726541554,1.0509259259259258,citi_gojira,sensitivity_full_kpi.v2,True,not_applicable,7d78e89d4d0146476665fb6365d79ce3a766f94c84c4a6e8f3583cfb5629259b,b4113bb51676ca0f2009cf78ebfd012dd376103cd98b0775f7d8843670773476,1f35a64bfcb1,4da9ea23ed6a3b4d42c573cd8b994a414148182d,,,
sensitivity_full_kpi_v2_217d072b72e4,allocation_patch_0001_a333e5c09773,sensitivity_simulation_semantics.v1,all_off__r20__arr500__rep005__0ffb30be02d4,all_off|robots=20|order_rate=500|rep=5,all_off,20,500,5,46,3,success,maximum_horizon,codex_local,e958497e1ffacbc663322c59aac33833eb245e70,,,580000,87000.0,14992,1445,3043,59.79310344827586,260.6207612456747,3093.0,21.578281145902732,1501,89,13.140495867768594,93764.70000001608,79983.62999999808,13781.070000000169,64.88906574395577,22231.800000000003,200.3328771480348,32250,22296,1.3575103448275863,31,False,557,89,89,0.059293804130579615,32640.434548691628,1632.0217274345814,0.044270243946795795,0.0,0.0,0.3619377162629758,1.1444201312910285,codex_local,sensitivity_full_kpi.v2,True,not_applicable,7d78e89d4d0146476665fb6365d79ce3a766f94c84c4a6e8f3583cfb5629259b,b4113bb51676ca0f2009cf78ebfd012dd376103cd98b0775f7d8843670773476,1f35a64bfcb1,4da9ea23ed6a3b4d42c573cd8b994a414148182d,,,
sensitivity_full_kpi_v2_217d072b72e4,allocation_patch_0001_a333e5c09773,sensitivity_simulation_semantics.v1,all_off__r20__arr500__rep006__b9a0485d566b,all_off|robots=20|order_rate=500|rep=6,all_off,20,500,6,47,3,success,maximum_horizon,dewa_macbook,e958497e1ffacbc663322c59aac33833eb245e70,,,580000,87000.0,14992,1538,3173,63.641379310344824,229.64564369310793,2524.0,21.327102803738317,1712,83,14.834710743801653,251980.98750124426,236750.33250121682,15230.655000000135,163.83679291368287,560990.8500000001,198.21760089686916,47902,36316,1.4733,26,False,522,83,83,0.04848130841121495,76977.66621280544,3848.883310640272,0.01997982110484079,0.0,0.0,0.3459037711313394,1.0991735537190082,dewa_macbook,sensitivity_full_kpi.v2,True,not_applicable,7d78e89d4d0146476665fb6365d79ce3a766f94c84c4a6e8f3583cfb5629259b,b4113bb51676ca0f2009cf78ebfd012dd376103cd98b0775f7d8843670773476,1f35a64bfcb1,4da9ea23ed6a3b4d42c573cd8b994a414148182d,,,
sensitivity_full_kpi_v2_217d072b72e4,allocation_patch_0001_a333e5c09773,sensitivity_simulation_semantics.v1,all_off__r20__arr500__rep007__f90879b14620,all_off|robots=20|order_rate=500|rep=7,all_off,20,500,7,48,3,success,maximum_horizon,win_admin,e958497e1ffacbc663322c59aac33833eb245e70,,,580000,87000.0,14992,745,1705,30.82758620689655,280.6295302013423,3426.0,16.915851272015654,1022,39,8.768595041322314,77422.09499999303,51873.367499997345,25548.727500003733,103.92227516777588,4371.150000000001,177.2541055716439,44676,35132,19.643124137931036,25,False,216,39,39,0.03816046966731898,22948.942005252517,1147.4471002626258,0.03246337019935323,0.0,0.0,0.35570469798657717,1.127659574468085,win_admin,sensitivity_full_kpi.v2,True,not_applicable,7d78e89d4d0146476665fb6365d79ce3a766f94c84c4a6e8f3583cfb5629259b,b4113bb51676ca0f2009cf78ebfd012dd376103cd98b0775f7d8843670773476,1f35a64bfcb1,4da9ea23ed6a3b4d42c573cd8b994a414148182d,,,
sensitivity_full_kpi_v2_217d072b72e4,allocation_patch_0001_a333e5c09773,sensitivity_simulation_semantics.v1,all_off__r20__arr500__rep008__ec394cd54e86,all_off|robots=20|order_rate=500|rep=8,all_off,20,500,8,49,3,success,maximum_horizon,win_lukman,e958497e1ffacbc663322c59aac33833eb245e70,,,580000,87000.0,14992,3020,5668,124.9655172413793,251.9543046357616,2860.0,26.699236641221376,2620,177,23.115702479338843,168458.87250010658,141609.1500000929,26849.72250000372,55.78108360930681,140892.6,234.79255663528696,65354,47417,2.6328379310344827,23,False,1397,177,177,0.06755725190839694,56784.38388351144,2839.219194175572,0.05318363594813823,0.0,0.0,0.33741721854304635,1.0220661985957873,win_lukman,sensitivity_full_kpi.v2,True,not_applicable,7d78e89d4d0146476665fb6365d79ce3a766f94c84c4a6e8f3583cfb5629259b,b4113bb51676ca0f2009cf78ebfd012dd376103cd98b0775f7d8843670773476,1f35a64bfcb1,4da9ea23ed6a3b4d42c573cd8b994a414148182d,,,
sensitivity_full_kpi_v2_217d072b72e4,allocation_patch_0001_a333e5c09773,sensitivity_simulation_semantics.v1,all_off__r20__arr500__rep010__6d2aaa2584f2,all_off|robots=20|order_rate=500|rep=10,all_off,20,500,10,51,3,success,maximum_horizon,citi_angiebow,e958497e1ffacbc663322c59aac33833eb245e70,,,580000,87000.0,14992,3436,6805,142.17931034482757,227.61408614668218,3047.0,23.326105087572977,3597,231,31.636363636363637,327013.087500927,195494.96250010247,131518.12500075734,95.17260986639319,759408.6,215.46797855762821,81319,54639,2.058741379310345,27,False,1812,231,231,0.06422018348623854,82307.81648247242,4115.390824123621,0.041745731412176405,0.0,0.0,0.4711874272409779,3.324435318275154,citi_angiebow,sensitivity_full_kpi.v2,True,not_applicable,7d78e89d4d0146476665fb6365d79ce3a766f94c84c4a6e8f3583cfb5629259b,b4113bb51676ca0f2009cf78ebfd012dd376103cd98b0775f7d8843670773476,1f35a64bfcb1,4da9ea23ed6a3b4d42c573cd8b994a414148182d,,,
sensitivity_full_kpi_v2_217d072b72e4,allocation_patch_0001_a333e5c09773,sensitivity_simulation_semantics.v1,all_off__r20__arr500__rep011__33683c4291e0,all_off|robots=20|order_rate=500|rep=11,all_off,20,500,11,52,3,success,maximum_horizon,citi_gojira,e958497e1ffacbc663322c59aac33833eb245e70,,,580000,87000.0,14992,1658,3359,68.60689655172413,228.98311218335343,3240.0,20.25115562403698,1947,102,16.93388429752066,348797.8125021759,332470.80000212387,16327.012500000139,210.37262515209645,1190357.25,193.4456277481187,41441,28692,1.5676810344827585,25,False,665,102,102,0.05238828967642527,88321.77385680364,4416.088692840182,0.018772267897247178,0.0,0.0,0.36248492159227985,1.2980561555075594,citi_gojira,sensitivity_full_kpi.v2,True,not_applicable,7d78e89d4d0146476665fb6365d79ce3a766f94c84c4a6e8f3583cfb5629259b,b4113bb51676ca0f2009cf78ebfd012dd376103cd98b0775f7d8843670773476,1f35a64bfcb1,4da9ea23ed6a3b4d42c573cd8b994a414148182d,,,
sensitivity_full_kpi_v2_217d072b72e4,allocation_patch_0001_a333e5c09773,sensitivity_simulation_semantics.v1,all_off__r20__arr500__rep012__49abdd8baa87,all_off|robots=20|order_rate=500|rep=12,all_off,20,500,12,53,3,success,maximum_horizon,codex_local,e958497e1ffacbc663322c59aac33833eb245e70,,,580000,87000.0,14992,871,1957,36.04137931034482,263.1285878300804,3416.0,18.468202764976958,1085,26,9.181818181818182,63984.57749999715,54293.03999999711,9691.537500000137,73.46105338690832,6281.700000000002,188.53882244685764,22239,15291,7.32556551724138,24,False,156,26,26,0.023963133640552997,22571.513345683397,1128.5756672841699,0.038588462663562216,0.0,0.0,0.3421354764638347,1.0456140350877192,codex_local,sensitivity_full_kpi.v2,True,not_applicable,7d78e89d4d0146476665fb6365d79ce3a766f94c84c4a6e8f3583cfb5629259b,b4113bb51676ca0f2009cf78ebfd012dd376103cd98b0775f7d8843670773476,1f35a64bfcb1,4da9ea23ed6a3b4d42c573cd8b994a414148182d,,,
sensitivity_full_kpi_v2_217d072b72e4,allocation_patch_0001_a333e5c09773,sensitivity_simulation_semantics.v1,all_off__r20__arr500__rep013__851afd1bb15c,all_off|robots=20|order_rate=500|rep=13,all_off,20,500,13,54,3,success,maximum_horizon,dewa_macbook,e958497e1ffacbc663322c59aac33833eb245e70,,,580000,87000.0,14992,2570,5104,106.34482758620689,255.2023346303502,3198.0,24.05860503508048,2423,144,21.214876033057852,151389.00000010882,128871.78750007266,22517.212500000023,58.90622568097619,602410.35,218.96540265904105,53458,36589,2.119748275862069,24,False,1067,144,144,0.059430458109781266,52434.01393451404,2621.700696725702,0.049013985524925245,0.0,0.0,0.3396887159533074,1.0581818181818181,dewa_macbook,sensitivity_full_kpi.v2,True,not_applicable,7d78e89d4d0146476665fb6365d79ce3a766f94c84c4a6e8f3583cfb5629259b,b4113bb51676ca0f2009cf78ebfd012dd376103cd98b0775f7d8843670773476,1f35a64bfcb1,4da9ea23ed6a3b4d42c573cd8b994a414148182d,,,
sensitivity_full_kpi_v2_217d072b72e4,allocation_patch_0001_a333e5c09773,sensitivity_simulation_semantics.v1,all_off__r20__arr500__rep014__4d685fc001b5,all_off|robots=20|order_rate=500|rep=14,all_off,20,500,14,55,3,success,maximum_horizon,win_admin,e958497e1ffacbc663322c59aac33833eb245e70,,,580000,87000.0,14992,1449,3039,59.95862068965517,262.4568668046929,2868.0,21.81696726786907,1497,69,12.942148760330578,199594.0350008989,185405.10750086428,14188.927500000176,137.74605590124148,566806.95,210.2501286170624,32378,22154,1.5904637931034482,26,False,444,69,69,0.04609218436873747,48551.366473975846,2427.5683236987925,0.02984468008282903,0.0,0.0,0.34299516908212563,1.0642398286937902,win_admin,sensitivity_full_kpi.v2,True,not_applicable,7d78e89d4d0146476665fb6365d79ce3a766f94c84c4a6e8f3583cfb5629259b,b4113bb51676ca0f2009cf78ebfd012dd376103cd98b0775f7d8843670773476,1f35a64bfcb1,4da9ea23ed6a3b4d42c573cd8b994a414148182d,,,
sensitivity_full_kpi_v2_217d072b72e4,allocation_patch_0001_a333e5c09773,sensitivity_simulation_semantics.v1,all_off__r20__arr500__rep015__28342c71902d,all_off|robots=20|order_rate=500|rep=15,all_off,20,500,15,56,3,success,maximum_horizon,win_lukman,e958497e1ffacbc663322c59aac33833eb245e70,,,580000,87000.0,14992,284,683,11.751724137931033,266.7711267605634,2559.0,14.654867256637168,452,15,3.8595041322314048,27232.334999999377,22686.142499999954,4546.192499999976,95.88850352112456,580698.3,172.08956043962056,9329,6475,0.4094137931034483,22,False,57,15,15,0.033185840707964605,9636.811936921495,481.84059684607473,0.029470327101840752,0.0,0.0,0.36619718309859156,1.3333333333333333,win_lukman,sensitivity_full_kpi.v2,True,not_applicable,7d78e89d4d0146476665fb6365d79ce3a766f94c84c4a6e8f3583cfb5629259b,b4113bb51676ca0f2009cf78ebfd012dd376103cd98b0775f7d8843670773476,1f35a64bfcb1,4da9ea23ed6a3b4d42c573cd8b994a414148182d,,,
sensitivity_full_kpi_v2_217d072b72e4,allocation_patch_0001_a333e5c09773,sensitivity_simulation_semantics.v1,all_off__r20__arr500__rep017__bca337329c42,all_off|robots=20|order_rate=500|rep=17,all_off,20,500,17,58,3,success,maximum_horizon,citi_angiebow,e958497e1ffacbc663322c59aac33833eb245e70,,,580000,87000.0,14992,2211,4459,91.48965517241379,276.79330619629127,4326.0,24.21519584709769,2119,140,18.669421487603305,133516.9800000802,113621.4900000477,19895.490000000147,60.387598371813745,75161.10000000002,223.82918340081102,46151,31679,2.3914586206896553,26,False,1036,140,140,0.06606890042472864,45525.917829542865,2276.2958914771434,0.04856574244759605,0.0,0.0,0.3464495703301673,1.072829131652661,citi_angiebow,sensitivity_full_kpi.v2,True,not_applicable,7d78e89d4d0146476665fb6365d79ce3a766f94c84c4a6e8f3583cfb5629259b,b4113bb51676ca0f2009cf78ebfd012dd376103cd98b0775f7d8843670773476,1f35a64bfcb1,4da9ea23ed6a3b4d42c573cd8b994a414148182d,,,
sensitivity_full_kpi_v2_217d072b72e4,allocation_patch_0001_a333e5c09773,sensitivity_simulation_semantics.v1,all_off__r20__arr500__rep018__f8747841d996,all_off|robots=20|order_rate=500|rep=18,all_off,20,500,18,59,3,success,maximum_horizon,citi_gojira,e958497e1ffacbc663322c59aac33833eb245e70,,,580000,87000.0,14992,7755,13634,320.8965517241379,265.2629271437782,3231.0,30.202283028369983,5957,481,53.20661157024794,385847.14499977714,331222.2750000217,54624.86999999803,49.75462862666372,76592.25,258.08086794100967,136078,92697,6.21775,26,False,3902,481,481,0.08074534161490683,129003.23717418224,6450.1618587091125,0.06011477052726262,0.0,0.0,0.3404255319148936,1.0598153352067443,citi_gojira,sensitivity_full_kpi.v2,True,not_applicable,7d78e89d4d0146476665fb6365d79ce3a766f94c84c4a6e8f3583cfb5629259b,b4113bb51676ca0f2009cf78ebfd012dd376103cd98b0775f7d8843670773476,1f35a64bfcb1,4da9ea23ed6a3b4d42c573cd8b994a414148182d,,,
sensitivity_full_kpi_v2_217d072b72e4,allocation_patch_0001_a333e5c09773,sensitivity_simulation_semantics.v1,all_off__r20__arr500__rep019__a5589e4876b8,all_off|robots=20|order_rate=500|rep=19,all_off,20,500,19,60,3,success,maximum_horizon,codex_local,e958497e1ffacbc663322c59aac33833eb245e70,,,580000,87000.0,14992,2833,5840,117.22758620689655,245.66254853512177,3183.0,21.371807306821857,3093,186,27.09917355371901,387679.2975014778,360646.4925014487,27032.804999999615,136.84408665777545,903066.1500000001,200.665934066764,67187,45997,2.6290586206896553,25,False,1470,186,186,0.06013579049466537,97104.3414039463,4855.217070197315,0.029174802681735376,0.0,0.0,0.40451817860924816,1.3675417661097853,codex_local,sensitivity_full_kpi.v2,True,not_applicable,7d78e89d4d0146476665fb6365d79ce3a766f94c84c4a6e8f3583cfb5629259b,b4113bb51676ca0f2009cf78ebfd012dd376103cd98b0775f7d8843670773476,1f35a64bfcb1,4da9ea23ed6a3b4d42c573cd8b994a414148182d,,,
sensitivity_full_kpi_v2_217d072b72e4,allocation_patch_0001_a333e5c09773,sensitivity_simulation_semantics.v1,all_off__r20__arr500__rep020__43457b34281f,all_off|robots=20|order_rate=500|rep=20,all_off,20,500,20,61,3,success,maximum_horizon,dewa_macbook,e958497e1ffacbc663322c59aac33833eb245e70,,,580000,87000.0,14992,1027,2301,42.49655172413793,290.952288218111,3258.0,20.08992506244796,1201,67,10.479338842975206,73973.87999999685,62525.00249999695,11448.87750000019,72.02909444985087,8174.400000000001,197.83094462511153,25584,17424,20.621172413793104,24,False,386,67,67,0.05578684429641965,26292.206928593816,1314.6103464296907,0.0390610039997478,0.0,0.0,0.35540408958130476,1.123076923076923,dewa_macbook,sensitivity_full_kpi.v2,True,not_applicable,7d78e89d4d0146476665fb6365d79ce3a766f94c84c4a6e8f3583cfb5629259b,b4113bb51676ca0f2009cf78ebfd012dd376103cd98b0775f7d8843670773476,1f35a64bfcb1,4da9ea23ed6a3b4d42c573cd8b994a414148182d,,,
sensitivity_full_kpi_v2_217d072b72e4,allocation_patch_0001_a333e5c09773,sensitivity_simulation_semantics.v1,all_off__r20__arr600__rep001__e2f0a2fe151e,all_off|robots=20|order_rate=600|rep=1,all_off,20,600,1,42,1,success,maximum_horizon,dewa_macbook,e958497e1ffacbc663322c59aac33833eb245e70,,,580000,87000.0,14992,2244,4243,92.8551724137931,273.3266488413547,2705.0,26.159261108337493,2003,140,17.710743801652892,125369.28000006702,107214.86250003746,18154.41750000016,55.86866310163415,22791.149999999994,232.3301272989754,43692,29995,6.436286206896551,25,False,986,140,140,0.06989515726410385,42950.62932197245,2147.5314660986223,0.05224603307155797,0.0,0.0,0.35071301247771836,1.0991620111731844,dewa_macbook,sensitivity_full_kpi.v2,True,not_applicable,7d78e89d4d0146476665fb6365d79ce3a766f94c84c4a6e8f3583cfb5629259b,b4113bb51676ca0f2009cf78ebfd012dd376103cd98b0775f7d8843670773476,1f35a64bfcb1,4da9ea23ed6a3b4d42c573cd8b994a414148182d,,,
sensitivity_full_kpi_v2_217d072b72e4,allocation_patch_0001_a333e5c09773,sensitivity_simulation_semantics.v1,all_off__r20__arr600__rep009__80aed1ab67d0,all_off|robots=20|order_rate=600|rep=9,all_off,20,600,9,50,4,success,maximum_horizon,citi_gojira,e958497e1ffacbc663322c59aac33833eb245e70,,,580000,87000.0,14992,5185,9137,214.55172413793102,266.0825458052073,3900.0,30.31024245423058,4042,313,35.99173553719008,256333.0500000801,219835.86750010125,36497.18249999882,49.437425265203494,69828.90000000001,258.2534698143185,91269,61757,8.563,25,False,2495,313,313,0.07743691241959426,85995.34284554556,4299.767142277278,0.060293962770898775,0.0,0.0,0.3431051108968177,1.046470588235294,citi_gojira,sensitivity_full_kpi.v2,True,not_applicable,7d78e89d4d0146476665fb6365d79ce3a766f94c84c4a6e8f3583cfb5629259b,b4113bb51676ca0f2009cf78ebfd012dd376103cd98b0775f7d8843670773476,1f35a64bfcb1,4da9ea23ed6a3b4d42c573cd8b994a414148182d,,,
sensitivity_full_kpi_v2_217d072b72e4,allocation_patch_0001_a333e5c09773,sensitivity_simulation_semantics.v1,all_off__r20__arr600__rep016__652a5dea076e,all_off|robots=20|order_rate=600|rep=16,all_off,20,600,16,57,4,success,maximum_horizon,citi_gojira,e958497e1ffacbc663322c59aac33833eb245e70,,,580000,87000.0,14992,1554,2983,64.30344827586207,270.88030888030886,3815.0,26.243204577968527,1398,81,12.223140495867769,92500.74000000609,73904.24249999686,18596.49750000493,59.52428571428963,15842.099999999999,234.9598146875282,38459,28851,5.453036206896551,26,False,515,81,81,0.05793991416309013,31057.391114332488,1552.8695557166243,0.050036398559016565,0.0,0.0,0.34684684684684686,1.1182572614107884,citi_gojira,sensitivity_full_kpi.v2,True,not_applicable,7d78e89d4d0146476665fb6365d79ce3a766f94c84c4a6e8f3583cfb5629259b,b4113bb51676ca0f2009cf78ebfd012dd376103cd98b0775f7d8843670773476,1f35a64bfcb1,4da9ea23ed6a3b4d42c573cd8b994a414148182d,,,
sensitivity_full_kpi_v2_217d072b72e4,allocation_patch_0001_a333e5c09773,sensitivity_simulation_semantics.v1,all_off__r20__arr600__rep018__1af8f0de5230,all_off|robots=20|order_rate=600|rep=18,all_off,20,600,18,59,4,success,maximum_horizon,citi_gojira,e958497e1ffacbc663322c59aac33833eb245e70,,,580000,87000.0,14992,252,567,10.427586206896551,249.3293650793651,1020.0,14.30562347188264,409,6,3.4297520661157024,29337.997500006997,19884.847500000225,9453.15000000546,116.42062500002777,1328.55,167.56074168804537,20946,18276,7.224274137931035,24,False,13,6,6,0.014669926650366748,8899.605108769918,444.9802554384959,0.028315863110788164,0.0,0.0,0.38095238095238093,1.476923076923077,citi_gojira,sensitivity_full_kpi.v2,True,not_applicable,7d78e89d4d0146476665fb6365d79ce3a766f94c84c4a6e8f3583cfb5629259b,b4113bb51676ca0f2009cf78ebfd012dd376103cd98b0775f7d8843670773476,1f35a64bfcb1,4da9ea23ed6a3b4d42c573cd8b994a414148182d,,,
sensitivity_full_kpi_v2_217d072b72e4,allocation_patch_0001_a333e5c09773,sensitivity_simulation_semantics.v1,all_off__r20__arr600__rep020__7ead3735e061,all_off|robots=20|order_rate=600|rep=20,all_off,20,600,20,61,4,success,maximum_horizon,citi_gojira,e958497e1ffacbc663322c59aac33833eb245e70,,,580000,87000.0,14992,594,1225,24.579310344827586,250.9882154882155,3077.0,19.46619718309859,710,25,6.074380165289257,44054.25749999765,37107.697499998125,6946.560000000046,74.16541666666271,1039281.7499999999,190.84684931492154,15322,10629,0.7868534482758621,24,False,98,25,25,0.035211267605633804,15109.425108025009,755.4712554012505,0.03931320985101618,0.0,0.0,0.3468013468013468,1.1195652173913044,citi_gojira,sensitivity_full_kpi.v2,True,not_applicable,7d78e89d4d0146476665fb6365d79ce3a766f94c84c4a6e8f3583cfb5629259b,b4113bb51676ca0f2009cf78ebfd012dd376103cd98b0775f7d8843670773476,1f35a64bfcb1,4da9ea23ed6a3b4d42c573cd8b994a414148182d,,,
sensitivity_full_kpi_v2_217d072b72e4,allocation_patch_0001_a333e5c09773,sensitivity_simulation_semantics.v1,all_off__r25__arr400__rep001__feff00c03b32,all_off|robots=25|order_rate=400|rep=1,all_off,25,400,1,42,1,success,maximum_horizon,citi_gojira,e958497e1ffacbc663322c59aac33833eb245e70,,,580000,87000.0,14992,2823,6295,116.81379310344828,236.1625929861849,2390.0,20.463494913225613,3342,201,29.28099173553719,302946.61500083335,276285.48750078195,26661.127500000053,107.31371413419531,929596.2000000001,221.39758064604288,76240,50448,1.596803448275862,22,False,1557,201,201,0.06014362657091562,99101.19256313494,3964.0477025253977,0.02848603459742965,0.0,0.0,0.3708820403825717,1.2783882783882783,citi_gojira,sensitivity_full_kpi.v2,True,not_applicable,7d78e89d4d0146476665fb6365d79ce3a766f94c84c4a6e8f3583cfb5629259b,b4113bb51676ca0f2009cf78ebfd012dd376103cd98b0775f7d8843670773476,1f35a64bfcb1,4da9ea23ed6a3b4d42c573cd8b994a414148182d,,,
sensitivity_full_kpi_v2_217d072b72e4,allocation_patch_0001_a333e5c09773,sensitivity_simulation_semantics.v1,all_off__r25__arr400__rep015__0722158b822d,all_off|robots=25|order_rate=400|rep=15,all_off,25,400,15,56,4,success,maximum_horizon,citi_gojira,e958497e1ffacbc663322c59aac33833eb245e70,,,580000,87000.0,14992,223,525,9.227586206896552,274.94170403587447,2132.0,12.245652173913044,460,5,3.84297520661157,27160.08749999997,22616.145000000277,4543.942499999978,121.79411434977564,4972.65,172.32500000006593,9690,6425,5.128537931034483,20,False,13,5,5,0.010869565217391304,9712.97372678627,388.5189490714508,0.022958983136648924,0.0,0.0,0.34977578475336324,1.1142857142857143,citi_gojira,sensitivity_full_kpi.v2,True,not_applicable,7d78e89d4d0146476665fb6365d79ce3a766f94c84c4a6e8f3583cfb5629259b,b4113bb51676ca0f2009cf78ebfd012dd376103cd98b0775f7d8843670773476,1f35a64bfcb1,4da9ea23ed6a3b4d42c573cd8b994a414148182d,,,
sensitivity_full_kpi_v2_217d072b72e4,allocation_patch_0001_a333e5c09773,sensitivity_simulation_semantics.v1,all_off__r25__arr500__rep001__89d43a368acc,all_off|robots=25|order_rate=500|rep=1,all_off,25,500,1,42,1,success,maximum_horizon,win_admin,e958497e1ffacbc663322c59aac33833eb245e70,,,580000,87000.0,14992,1769,3601,73.2,266.0949689089881,2911.0,25.35386403253922,1721,104,15.082644628099173,110352.19500001344,92853.56249999782,17498.632500004172,62.38111644997933,1387765.2000000004,249.86334431645147,50343,36420,0.8010293103448276,19,False,670,104,104,0.06042998256827426,37527.28340716031,1501.0913362864123,0.04713903697229707,0.0,0.0,0.3759185980780102,1.2246777163904237,win_admin,sensitivity_full_kpi.v2,True,not_applicable,7d78e89d4d0146476665fb6365d79ce3a766f94c84c4a6e8f3583cfb5629259b,b4113bb51676ca0f2009cf78ebfd012dd376103cd98b0775f7d8843670773476,1f35a64bfcb1,4da9ea23ed6a3b4d42c573cd8b994a414148182d,,,
sensitivity_full_kpi_v2_217d072b72e4,allocation_patch_0001_a333e5c09773,sensitivity_simulation_semantics.v1,all_off__r25__arr600__rep001__a9fa3ba125ba,all_off|robots=25|order_rate=600|rep=1,all_off,25,600,1,42,1,success,maximum_horizon,citi_gojira,e958497e1ffacbc663322c59aac33833eb245e70,,,580000,87000.0,14992,7191,12565,297.5586206896552,235.71116673619804,2712.0,28.99387859207618,5881,476,52.53719008264463,366045.97500006907,322866.877500099,43179.09749999894,50.903347934928256,437636.55000000005,265.35803023098237,140389,90329,2.182539655172414,21,False,3741,476,476,0.08093861588165278,127650.42732916432,5106.0170931665725,0.05633353644368937,0.0,0.0,0.34376303712974554,1.0761863299956465,citi_gojira,sensitivity_full_kpi.v2,True,not_applicable,7d78e89d4d0146476665fb6365d79ce3a766f94c84c4a6e8f3583cfb5629259b,b4113bb51676ca0f2009cf78ebfd012dd376103cd98b0775f7d8843670773476,1f35a64bfcb1,4da9ea23ed6a3b4d42c573cd8b994a414148182d,,,
sensitivity_full_kpi_v2_217d072b72e4,allocation_patch_0001_a333e5c09773,sensitivity_simulation_semantics.v1,all_off__r30__arr400__rep001__d17062391812,all_off|robots=30|order_rate=400|rep=1,all_off,30,400,1,42,1,success,maximum_horizon,win_lukman,e958497e1ffacbc663322c59aac33833eb245e70,,,580000,87000.0,14992,773,1852,31.98620689655172,259.48512289780075,1846.0,18.70232558139535,1075,44,9.24793388429752,64653.052499996775,55876.274999997106,8776.777500000004,83.63913648123774,1484678.2499999995,244.33322813316178,25943,16272,0.34831206896551725,16,False,231,44,44,0.04093023255813953,23100.46982088137,770.0156606960458,0.033462522883463464,0.0,0.0,0.34670116429495473,1.0806451612903225,win_lukman,sensitivity_full_kpi.v2,True,not_applicable,7d78e89d4d0146476665fb6365d79ce3a766f94c84c4a6e8f3583cfb5629259b,b4113bb51676ca0f2009cf78ebfd012dd376103cd98b0775f7d8843670773476,1f35a64bfcb1,4da9ea23ed6a3b4d42c573cd8b994a414148182d,,,
sensitivity_full_kpi_v2_217d072b72e4,allocation_patch_0001_a333e5c09773,sensitivity_simulation_semantics.v1,all_off__r30__arr500__rep001__e35a895fef6d,all_off|robots=30|order_rate=500|rep=1,all_off,30,500,1,42,1,success,maximum_horizon,codex_local,e958497e1ffacbc663322c59aac33833eb245e70,,,580000,87000.0,14992,1136,2316,47.00689655172413,266.2517605633803,2285.0,24.3243006993007,1144,54,9.900826446280991,77406.70500001305,59246.257499996915,18160.447500010654,68.13970510564529,65394.000000000015,272.5883033415297,49071,39389,3.7002534482758622,17,False,313,54,54,0.0472027972027972,24850.604420958865,828.3534806986288,0.04571317384304358,0.0,0.0,0.3459507042253521,1.0977653631284916,codex_local,sensitivity_full_kpi.v2,True,not_applicable,7d78e89d4d0146476665fb6365d79ce3a766f94c84c4a6e8f3583cfb5629259b,b4113bb51676ca0f2009cf78ebfd012dd376103cd98b0775f7d8843670773476,1f35a64bfcb1,4da9ea23ed6a3b4d42c573cd8b994a414148182d,,,
sensitivity_full_kpi_v2_217d072b72e4,allocation_patch_0001_a333e5c09773,sensitivity_simulation_semantics.v1,all_off__r30__arr600__rep001__784350458423,all_off|robots=30|order_rate=600|rep=1,all_off,30,600,1,42,1,success,maximum_horizon,citi_angiebow,e958497e1ffacbc663322c59aac33833eb245e70,,,580000,87000.0,14992,2135,4373,88.34482758620689,192.98829039812645,2523.0,20.586939102564102,2496,129,21.694214876033058,264108.0600011908,131749.78500001572,132358.27500113074,123.70400936823926,1686261.4499999997,208.39293893167311,56353,35735,0.3036603448275862,16,False,923,129,129,0.051682692307692304,57626.93054181028,1920.8976847270094,0.03704865034327979,0.0,0.0,0.35550351288056203,1.220257234726688,citi_angiebow,sensitivity_full_kpi.v2,True,not_applicable,7d78e89d4d0146476665fb6365d79ce3a766f94c84c4a6e8f3583cfb5629259b,b4113bb51676ca0f2009cf78ebfd012dd376103cd98b0775f7d8843670773476,1f35a64bfcb1,4da9ea23ed6a3b4d42c573cd8b994a414148182d,,,
sensitivity_full_kpi_v2_217d072b72e4,allocation_patch_0001_a333e5c09773,sensitivity_simulation_semantics.v1,all_on_rl__r10__arr400__rep001__977ff04ded5d,all_on_rl|robots=10|order_rate=400|rep=1,all_on_rl,10,400,1,42,1,success,maximum_horizon,alisha_pc,e958497e1ffacbc663322c59aac33833eb245e70,,,580000,87000.0,14992,1042,2205,43.11724137931034,410.02879078694815,13228.0,19.880090497737555,1326,51,11.380165289256198,78308.55000005782,70481.13750004506,7827.41250000003,75.1521593090766,576188.7,146.84237849805487,22737,16645,1.2559103448275861,35,False,286,51,51,0.038461538461538464,27600.459475640928,2760.045947564093,0.03775299468907856,47622.1275,0.021880584818475404,0.6065259117082533,3.611428571428571,alisha_pc,sensitivity_full_kpi.v2,True,batch_000014,7d78e89d4d0146476665fb6365d79ce3a766f94c84c4a6e8f3583cfb5629259b,b4113bb51676ca0f2009cf78ebfd012dd376103cd98b0775f7d8843670773476,1f35a64bfcb1,4da9ea23ed6a3b4d42c573cd8b994a414148182d,,,
sensitivity_full_kpi_v2_217d072b72e4,allocation_patch_0001_a333e5c09773,sensitivity_simulation_semantics.v1,all_on_rl__r10__arr500__rep001__1d186b9187ac,all_on_rl|robots=10|order_rate=500|rep=1,all_on_rl,10,500,1,42,1,success,maximum_horizon,win_admin,e958497e1ffacbc663322c59aac33833eb245e70,,,580000,87000.0,14992,155,315,6.413793103448276,366.8838709677419,2160.0,13.094405594405595,286,13,2.4710743801652892,16836.83999999922,14991.749999999452,1845.0899999999908,108.62477419354336,690321.6000000001,133.38787878792013,4733,3546,0.4545396551724138,27,False,52,13,13,0.045454545454545456,6020.492035206734,602.0492035206734,0.0257454040456475,54142.02,0.0028628410982818892,0.432258064516129,1.558139534883721,win_admin,sensitivity_full_kpi.v2,True,batch_000014,7d78e89d4d0146476665fb6365d79ce3a766f94c84c4a6e8f3583cfb5629259b,b4113bb51676ca0f2009cf78ebfd012dd376103cd98b0775f7d8843670773476,1f35a64bfcb1,4da9ea23ed6a3b4d42c573cd8b994a414148182d,,,
sensitivity_full_kpi_v2_217d072b72e4,allocation_patch_0001_a333e5c09773,sensitivity_simulation_semantics.v1,all_on_rl__r10__arr600__rep001__20aeb32ca8dc,all_on_rl|robots=10|order_rate=600|rep=1,all_on_rl,10,600,1,42,1,success,maximum_horizon,citi_gojira,e958497e1ffacbc663322c59aac33833eb245e70,,,580000,87000.0,14992,505,1026,20.89655172413793,374.08910891089107,4531.0,18.192537313432837,670,31,5.793388429752066,40026.284999998585,35873.23499999736,4153.050000000043,79.2599702970269,642520.05,149.36743849474104,11298,8320,1.037948275862069,28,False,155,31,31,0.04626865671641791,14447.864727838069,1444.7864727838069,0.034953261918833495,51229.395,0.009857621781401088,0.48118811881188117,1.8837209302325582,citi_gojira,sensitivity_full_kpi.v2,True,batch_000014,7d78e89d4d0146476665fb6365d79ce3a766f94c84c4a6e8f3583cfb5629259b,b4113bb51676ca0f2009cf78ebfd012dd376103cd98b0775f7d8843670773476,1f35a64bfcb1,4da9ea23ed6a3b4d42c573cd8b994a414148182d,,,
sensitivity_full_kpi_v2_217d072b72e4,allocation_patch_0001_a333e5c09773,sensitivity_simulation_semantics.v1,all_on_rl__r15__arr400__rep001__8de3c30c78ff,all_on_rl|robots=15|order_rate=400|rep=1,all_on_rl,15,400,1,42,1,success,maximum_horizon,win_lukman,e958497e1ffacbc663322c59aac33833eb245e70,,,580000,87000.0,14992,205,440,8.482758620689655,316.8487804878049,2324.0,14.831978319783198,369,15,3.1735537190082646,22218.43499999933,19605.532499999666,2612.9024999999897,108.38260975609428,426870.1499999999,150.3982620321448,6749,4845,0.3266137931034483,22,False,46,15,15,0.04065040650406504,8312.406116512106,554.1604077674737,0.0246619326734746,89224.4295,0.0022975770329806368,0.424390243902439,1.6415094339622642,win_lukman,sensitivity_full_kpi.v2,True,batch_000014,7d78e89d4d0146476665fb6365d79ce3a766f94c84c4a6e8f3583cfb5629259b,b4113bb51676ca0f2009cf78ebfd012dd376103cd98b0775f7d8843670773476,1f35a64bfcb1,4da9ea23ed6a3b4d42c573cd8b994a414148182d,,,
sensitivity_full_kpi_v2_217d072b72e4,allocation_patch_0001_a333e5c09773,sensitivity_simulation_semantics.v1,all_on_rl__r15__arr500__rep001__7f9a52204afb,all_on_rl|robots=15|order_rate=500|rep=1,all_on_rl,15,500,1,42,1,success,maximum_horizon,codex_local,e958497e1ffacbc663322c59aac33833eb245e70,,,580000,87000.0,14992,611,1204,25.282758620689656,369.60065466448447,7727.0,21.053050397877985,754,32,6.4958677685950414,45527.287499997394,40827.12749999748,4700.1600000000135,74.5127454991774,971275.3500000001,177.36638709656197,14578,10197,0.5813396551724138,26,False,151,32,32,0.042440318302387266,16862.58959443989,1124.172639629326,0.036234055070726814,82519.533,0.007404307535283798,0.5204582651391162,2.23943661971831,codex_local,sensitivity_full_kpi.v2,True,batch_000014,7d78e89d4d0146476665fb6365d79ce3a766f94c84c4a6e8f3583cfb5629259b,b4113bb51676ca0f2009cf78ebfd012dd376103cd98b0775f7d8843670773476,1f35a64bfcb1,4da9ea23ed6a3b4d42c573cd8b994a414148182d,,,
sensitivity_full_kpi_v2_217d072b72e4,allocation_patch_0001_a333e5c09773,sensitivity_simulation_semantics.v1,all_on_rl__r15__arr600__rep001__0eb381c9ba19,all_on_rl|robots=15|order_rate=600|rep=1,all_on_rl,15,600,1,42,1,success,maximum_horizon,win_lukman,e958497e1ffacbc663322c59aac33833eb245e70,,,580000,87000.0,14992,650,1357,26.89655172413793,337.66153846153844,4511.0,20.224691358024693,810,27,6.917355371900826,89150.91749984484,84287.06999984587,4863.847500000018,137.155257692069,894806.4000000001,167.6781325299174,15499,10926,0.5908396551724138,29,False,114,27,27,0.03333333333333333,20766.832739571295,1384.4555159714196,0.031299910205441296,80144.586,0.008110341976187886,0.46153846153846156,2.127659574468085,win_lukman,sensitivity_full_kpi.v2,True,batch_000014,7d78e89d4d0146476665fb6365d79ce3a766f94c84c4a6e8f3583cfb5629259b,b4113bb51676ca0f2009cf78ebfd012dd376103cd98b0775f7d8843670773476,1f35a64bfcb1,4da9ea23ed6a3b4d42c573cd8b994a414148182d,,,
sensitivity_full_kpi_v2_217d072b72e4,allocation_patch_0001_a333e5c09773,sensitivity_simulation_semantics.v1,all_on_rl__r20__arr400__rep001__9e502eef6cf5,all_on_rl|robots=20|order_rate=400|rep=1,all_on_rl,20,400,1,42,1,success,maximum_horizon,dewa_macbook,e958497e1ffacbc663322c59aac33833eb245e70,,,580000,87000.0,14992,95,196,3.9310344827586206,289.4526315789474,1066.0,10.880733944954128,218,6,1.8512396694214877,17383.77000000497,10327.927500000209,7055.842500003815,182.98705263163126,1457.85,159.10634920637148,11619,10422,13.831408620689656,19,False,17,6,6,0.027522935779816515,4740.387739794821,237.01938698974104,0.020040554742492837,127531.179,0.0007449158766108482,0.42105263157894735,1.6,dewa_macbook,sensitivity_full_kpi.v2,True,batch_000014,7d78e89d4d0146476665fb6365d79ce3a766f94c84c4a6e8f3583cfb5629259b,b4113bb51676ca0f2009cf78ebfd012dd376103cd98b0775f7d8843670773476,1f35a64bfcb1,4da9ea23ed6a3b4d42c573cd8b994a414148182d,,,
sensitivity_full_kpi_v2_217d072b72e4,allocation_patch_0001_a333e5c09773,sensitivity_simulation_semantics.v1,all_on_rl__r20__arr500__rep002__2840cd953347,all_on_rl|robots=20|order_rate=500|rep=2,all_on_rl,20,500,2,43,2,success,maximum_horizon,alisha_pc,e958497e1ffacbc663322c59aac33833eb245e70,,,580000,87000.0,14992,180,346,7.448275862068965,254.9,1332.0,14.404388714733543,319,12,2.7355371900826446,20038.815000000177,17623.10250000028,2415.712499999995,111.32675000000098,1378249.2,177.39230769237426,6866,4673,0.1521,17,False,37,12,12,0.03761755485893417,7360.7137887796725,368.03568943898364,0.024454150122557892,114802.839,0.001567905476623274,0.4777777777777778,2.0476190476190474,alisha_pc,sensitivity_full_kpi.v2,True,batch_000014,7d78e89d4d0146476665fb6365d79ce3a766f94c84c4a6e8f3583cfb5629259b,b4113bb51676ca0f2009cf78ebfd012dd376103cd98b0775f7d8843670773476,1f35a64bfcb1,4da9ea23ed6a3b4d42c573cd8b994a414148182d,,,
sensitivity_full_kpi_v2_217d072b72e4,allocation_patch_0001_a333e5c09773,sensitivity_simulation_semantics.v1,all_on_rl__r20__arr500__rep003__209a0dbe7839,all_on_rl|robots=20|order_rate=500|rep=3,all_on_rl,20,500,3,44,2,success,maximum_horizon,citi_angiebow,e958497e1ffacbc663322c59aac33833eb245e70,,,580000,87000.0,14992,279,599,11.544827586206896,281.56272401433694,2414.0,13.849397590361447,498,18,4.264462809917355,30146.91749999905,26788.679999999466,3358.237499999987,108.05346774193208,1223495.5499999998,164.73824701189344,10162,6816,0.12366551724137931,18,False,60,18,18,0.03614457831325301,11321.97718588982,566.098859294491,0.024642339003094604,116811.234,0.0023884689035987756,0.4982078853046595,2.5272727272727273,citi_angiebow,sensitivity_full_kpi.v2,True,batch_000014,7d78e89d4d0146476665fb6365d79ce3a766f94c84c4a6e8f3583cfb5629259b,b4113bb51676ca0f2009cf78ebfd012dd376103cd98b0775f7d8843670773476,1f35a64bfcb1,4da9ea23ed6a3b4d42c573cd8b994a414148182d,,,
sensitivity_full_kpi_v2_217d072b72e4,allocation_patch_0001_a333e5c09773,sensitivity_simulation_semantics.v1,all_on_rl__r20__arr500__rep004__2a1f42eae7cd,all_on_rl|robots=20|order_rate=500|rep=4,all_on_rl,20,500,4,45,2,success,maximum_horizon,citi_gojira,e958497e1ffacbc663322c59aac33833eb245e70,,,580000,87000.0,14992,164,292,6.7862068965517235,217.71341463414635,1220.0,16.2972972972973,259,11,2.231404958677686,16497.157500000314,14446.395000000306,2050.7624999999985,100.59242378048972,1366795.3499999999,174.08866171009214,5295,3725,0.12756896551724137,21,False,33,11,11,0.04247104247104247,6554.310157613592,327.71550788067964,0.025021702674459943,117541.1925,0.0013952555398823268,0.38414634146341464,1.3125,citi_gojira,sensitivity_full_kpi.v2,True,batch_000014,7d78e89d4d0146476665fb6365d79ce3a766f94c84c4a6e8f3583cfb5629259b,b4113bb51676ca0f2009cf78ebfd012dd376103cd98b0775f7d8843670773476,1f35a64bfcb1,4da9ea23ed6a3b4d42c573cd8b994a414148182d,,,
sensitivity_full_kpi_v2_217d072b72e4,allocation_patch_0001_a333e5c09773,sensitivity_simulation_semantics.v1,all_on_rl__r20__arr500__rep005__3bf40b2b2824,all_on_rl|robots=20|order_rate=500|rep=5,all_on_rl,20,500,5,46,2,success,maximum_horizon,codex_local,e958497e1ffacbc663322c59aac33833eb245e70,,,580000,87000.0,14992,200,409,8.275862068965516,230.775,1797.0,13.03943661971831,355,16,3.0661157024793386,21598.672500000113,19190.85750000024,2407.8149999999955,107.99336250000057,1405051.6500000001,152.8808219178579,7105,4908,0.12082413793103448,17,False,42,16,16,0.04507042253521127,7963.851991197164,398.1925995598582,0.025113475265621434,114088.6215,0.0017530231969714878,0.56,4.48,codex_local,sensitivity_full_kpi.v2,True,batch_000014,7d78e89d4d0146476665fb6365d79ce3a766f94c84c4a6e8f3583cfb5629259b,b4113bb51676ca0f2009cf78ebfd012dd376103cd98b0775f7d8843670773476,1f35a64bfcb1,4da9ea23ed6a3b4d42c573cd8b994a414148182d,,,
sensitivity_full_kpi_v2_217d072b72e4,allocation_patch_0001_a333e5c09773,sensitivity_simulation_semantics.v1,all_on_rl__r20__arr500__rep006__b1c73a8a2d73,all_on_rl|robots=20|order_rate=500|rep=6,all_on_rl,20,500,6,47,2,success,maximum_horizon,dewa_macbook,e958497e1ffacbc663322c59aac33833eb245e70,,,580000,87000.0,14992,318,700,13.158620689655171,314.1446540880503,3848.0,15.486486486486486,481,17,4.115702479338843,29105.369999999184,26069.21999999959,3036.1499999999924,91.52632075471442,1293950.1,178.65648148142097,9833,6603,0.12201551724137931,21,False,60,17,17,0.035343035343035345,11055.648055289192,552.7824027644596,0.02876357843607946,117960.435,0.0026958191532610067,0.5125786163522013,2.963636363636364,dewa_macbook,sensitivity_full_kpi.v2,True,batch_000014,7d78e89d4d0146476665fb6365d79ce3a766f94c84c4a6e8f3583cfb5629259b,b4113bb51676ca0f2009cf78ebfd012dd376103cd98b0775f7d8843670773476,1f35a64bfcb1,4da9ea23ed6a3b4d42c573cd8b994a414148182d,,,
sensitivity_full_kpi_v2_217d072b72e4,allocation_patch_0001_a333e5c09773,sensitivity_simulation_semantics.v1,all_on_rl__r20__arr500__rep007__5e4dae0661b0,all_on_rl|robots=20|order_rate=500|rep=7,all_on_rl,20,500,7,48,2,success,maximum_horizon,win_admin,e958497e1ffacbc663322c59aac33833eb245e70,,,580000,87000.0,14992,325,697,13.448275862068964,274.93538461538463,3479.0,15.314851485148514,505,28,4.404958677685951,31447.9799999987,28195.67249999917,3252.30749999999,96.76301538461139,1354369.65,170.39390715664663,10371,7090,0.16068620689655172,16,False,114,28,28,0.055445544554455446,11728.13312211322,586.406656105661,0.02771114521093023,112881.7755,0.002879118427757189,0.5353846153846153,2.3513513513513513,win_admin,sensitivity_full_kpi.v2,True,batch_000014,7d78e89d4d0146476665fb6365d79ce3a766f94c84c4a6e8f3583cfb5629259b,b4113bb51676ca0f2009cf78ebfd012dd376103cd98b0775f7d8843670773476,1f35a64bfcb1,4da9ea23ed6a3b4d42c573cd8b994a414148182d,,,
sensitivity_full_kpi_v2_217d072b72e4,allocation_patch_0001_a333e5c09773,sensitivity_simulation_semantics.v1,all_on_rl__r20__arr500__rep008__4a2e6914e80c,all_on_rl|robots=20|order_rate=500|rep=8,all_on_rl,20,500,8,49,2,success,maximum_horizon,win_lukman,e958497e1ffacbc663322c59aac33833eb245e70,,,580000,87000.0,14992,280,526,11.586206896551724,311.3464285714286,2381.0,19.18840579710145,414,8,3.487603305785124,24558.59249999973,21845.250000000007,2713.342499999994,87.70925892857046,1305161.8499999996,187.8171837708457,8559,5835,0.15094310344827586,18,False,30,8,8,0.01932367149758454,9554.912845765699,477.74564228828496,0.029304296597962503,114785.0865,0.002439341281500014,0.4357142857142857,1.6486486486486487,win_lukman,sensitivity_full_kpi.v2,True,batch_000014,7d78e89d4d0146476665fb6365d79ce3a766f94c84c4a6e8f3583cfb5629259b,b4113bb51676ca0f2009cf78ebfd012dd376103cd98b0775f7d8843670773476,1f35a64bfcb1,4da9ea23ed6a3b4d42c573cd8b994a414148182d,,,
sensitivity_full_kpi_v2_217d072b72e4,allocation_patch_0001_a333e5c09773,sensitivity_simulation_semantics.v1,all_on_rl__r20__arr500__rep009__30b31b6168e1,all_on_rl|robots=20|order_rate=500|rep=9,all_on_rl,20,500,9,50,2,success,maximum_horizon,alisha_pc,e958497e1ffacbc663322c59aac33833eb245e70,,,580000,87000.0,14992,169,405,6.993103448275861,301.20710059171597,2071.0,12.578313253012048,332,10,2.8264462809917354,20131.470000000216,17986.05000000031,2145.419999999998,119.12112426035631,1340932.05,161.37678571434358,6930,4573,0.14319482758620689,20,False,33,10,10,0.030120481927710843,7491.781618664754,374.5890809332377,0.022558052089900686,117633.735,0.001436662705643071,0.4378698224852071,1.8048780487804879,alisha_pc,sensitivity_full_kpi.v2,True,batch_000014,7d78e89d4d0146476665fb6365d79ce3a766f94c84c4a6e8f3583cfb5629259b,b4113bb51676ca0f2009cf78ebfd012dd376103cd98b0775f7d8843670773476,1f35a64bfcb1,4da9ea23ed6a3b4d42c573cd8b994a414148182d,,,
sensitivity_full_kpi_v2_217d072b72e4,allocation_patch_0001_a333e5c09773,sensitivity_simulation_semantics.v1,all_on_rl__r20__arr500__rep010__2a302935e0f2,all_on_rl|robots=20|order_rate=500|rep=10,all_on_rl,20,500,10,51,2,success,maximum_horizon,citi_angiebow,e958497e1ffacbc663322c59aac33833eb245e70,,,580000,87000.0,14992,23,30,0.9517241379310344,386.4782608695652,1268.0,9.309278350515465,97,2,0.8181818181818182,9566.752500004362,4362.120000000048,5204.6325000037095,415.9457608697549,80685.59999999998,131.98461538462124,11900,11530,1.1353068965517241,14,False,3,2,2,0.020618556701030927,2278.004713234544,113.9002356617272,0.010096555053805068,127332.783,0.00018062905292818426,0.6086956521739131,1.5555555555555556,citi_angiebow,sensitivity_full_kpi.v2,True,batch_000014,7d78e89d4d0146476665fb6365d79ce3a766f94c84c4a6e8f3583cfb5629259b,b4113bb51676ca0f2009cf78ebfd012dd376103cd98b0775f7d8843670773476,1f35a64bfcb1,4da9ea23ed6a3b4d42c573cd8b994a414148182d,,,
sensitivity_full_kpi_v2_217d072b72e4,allocation_patch_0001_a333e5c09773,sensitivity_simulation_semantics.v1,all_on_rl__r20__arr500__rep011__9c5a892a79c9,all_on_rl|robots=20|order_rate=500|rep=11,all_on_rl,20,500,11,52,2,success,maximum_horizon,citi_gojira,e958497e1ffacbc663322c59aac33833eb245e70,,,580000,87000.0,14992,1269,2209,52.5103448275862,255.3498817966903,6625.0,21.591251885369534,1326,66,11.50413223140496,81762.16499999998,76650.8849999963,5111.279999999992,64.43039007092197,1071316.8000000003,196.0624153505819,27717,17792,0.10187931034482758,18,False,383,66,66,0.049773755656108594,31545.819498356148,1577.2909749178075,0.04022720031305979,114956.1045,0.011038996193542728,0.8526398739164697,14.621621621621621,citi_gojira,sensitivity_full_kpi.v2,True,batch_000014,7d78e89d4d0146476665fb6365d79ce3a766f94c84c4a6e8f3583cfb5629259b,b4113bb51676ca0f2009cf78ebfd012dd376103cd98b0775f7d8843670773476,1f35a64bfcb1,4da9ea23ed6a3b4d42c573cd8b994a414148182d,,,
sensitivity_full_kpi_v2_217d072b72e4,allocation_patch_0001_a333e5c09773,sensitivity_simulation_semantics.v1,all_on_rl__r20__arr500__rep012__2e4e328f8dba,all_on_rl|robots=20|order_rate=500|rep=12,all_on_rl,20,500,12,53,2,success,maximum_horizon,codex_local,e958497e1ffacbc663322c59aac33833eb245e70,,,580000,87000.0,14992,636,1379,26.317241379310342,281.9056603773585,3983.0,17.124575311438278,883,23,7.487603305785124,52149.08249999745,46949.69249999736,5199.3899999999885,81.99541273584505,1315598.5499999998,174.21433370642106,18191,12106,0.24203793103448276,20,False,104,23,23,0.026047565118912798,19394.73474136916,969.7367370684581,0.032792405180123746,110674.755,0.005746567950387602,0.5408805031446541,3.3398058252427183,codex_local,sensitivity_full_kpi.v2,True,batch_000014,7d78e89d4d0146476665fb6365d79ce3a766f94c84c4a6e8f3583cfb5629259b,b4113bb51676ca0f2009cf78ebfd012dd376103cd98b0775f7d8843670773476,1f35a64bfcb1,4da9ea23ed6a3b4d42c573cd8b994a414148182d,,,
sensitivity_full_kpi_v2_217d072b72e4,allocation_patch_0001_a333e5c09773,sensitivity_simulation_semantics.v1,all_on_rl__r20__arr500__rep013__ca096e1ea083,all_on_rl|robots=20|order_rate=500|rep=13,all_on_rl,20,500,13,54,2,success,maximum_horizon,dewa_macbook,e958497e1ffacbc663322c59aac33833eb245e70,,,580000,87000.0,14992,198,468,8.193103448275862,293.80808080808083,3742.0,15.597058823529412,340,14,2.925619834710744,21185.595000000154,18813.532500000318,2372.062499999995,106.99795454545533,1356651.1500000001,171.20296610175876,7206,4913,0.1916551724137931,17,False,41,14,14,0.041176470588235294,8307.397385455699,415.36986927278497,0.023834179444292804,116136.315,0.0017048930818926017,0.42424242424242425,2.048780487804878,dewa_macbook,sensitivity_full_kpi.v2,True,batch_000014,7d78e89d4d0146476665fb6365d79ce3a766f94c84c4a6e8f3583cfb5629259b,b4113bb51676ca0f2009cf78ebfd012dd376103cd98b0775f7d8843670773476,1f35a64bfcb1,4da9ea23ed6a3b4d42c573cd8b994a414148182d,,,
sensitivity_full_kpi_v2_217d072b72e4,allocation_patch_0001_a333e5c09773,sensitivity_simulation_semantics.v1,all_on_rl__r20__arr500__rep014__7c949ad04b35,all_on_rl|robots=20|order_rate=500|rep=14,all_on_rl,20,500,14,55,2,success,maximum_horizon,win_admin,e958497e1ffacbc663322c59aac33833eb245e70,,,580000,87000.0,14992,292,630,12.082758620689654,217.1917808219178,1437.0,15.465065502183407,458,15,3.909090909090909,27460.59749999931,24569.932499999693,2890.6649999999927,94.0431421232853,1322916.75,162.1361290322935,9128,6298,0.2161793103448276,19,False,46,15,15,0.03275109170305677,10216.395323935682,510.8197661967841,0.028581509499332126,116718.7995,0.0025017392335328127,0.4657534246575342,2.1587301587301586,win_admin,sensitivity_full_kpi.v2,True,batch_000014,7d78e89d4d0146476665fb6365d79ce3a766f94c84c4a6e8f3583cfb5629259b,b4113bb51676ca0f2009cf78ebfd012dd376103cd98b0775f7d8843670773476,1f35a64bfcb1,4da9ea23ed6a3b4d42c573cd8b994a414148182d,,,
sensitivity_full_kpi_v2_217d072b72e4,allocation_patch_0001_a333e5c09773,sensitivity_simulation_semantics.v1,all_on_rl__r20__arr500__rep015__90bb5931a8d1,all_on_rl|robots=20|order_rate=500|rep=15,all_on_rl,20,500,15,56,2,success,maximum_horizon,win_lukman,e958497e1ffacbc663322c59aac33833eb245e70,,,580000,87000.0,14992,742,1539,30.70344827586207,274.61185983827494,4194.0,18.059244126659856,979,52,8.520661157024794,85902.65999993899,80410.3424999406,5492.317499999992,115.77177897565902,1166310.6,184.79243951590215,21107,13917,0.2626362068965517,18,False,263,52,52,0.05311542390194075,26743.779112821285,1337.1889556410642,0.027744769984443838,108703.6605,0.006825897091110377,0.5741239892183289,4.346938775510204,win_lukman,sensitivity_full_kpi.v2,True,batch_000014,7d78e89d4d0146476665fb6365d79ce3a766f94c84c4a6e8f3583cfb5629259b,b4113bb51676ca0f2009cf78ebfd012dd376103cd98b0775f7d8843670773476,1f35a64bfcb1,4da9ea23ed6a3b4d42c573cd8b994a414148182d,,,
sensitivity_full_kpi_v2_217d072b72e4,allocation_patch_0001_a333e5c09773,sensitivity_simulation_semantics.v1,all_on_rl__r20__arr500__rep016__66eb595e4000,all_on_rl|robots=20|order_rate=500|rep=16,all_on_rl,20,500,16,57,2,success,maximum_horizon,alisha_pc,e958497e1ffacbc663322c59aac33833eb245e70,,,580000,87000.0,14992,296,598,12.248275862068965,255.7027027027027,2182.0,16.604819277108433,415,18,3.5785123966942147,25338.442499999703,22899.869999999988,2438.5724999999975,85.60284628378278,1330669.05,174.22785714278535,8350,5629,0.06351896551724139,13,False,66,18,18,0.043373493975903614,9992.691981449043,499.63459907245215,0.029621647554984174,116716.68,0.002536055686299508,0.6486486486486487,4.085106382978723,alisha_pc,sensitivity_full_kpi.v2,True,batch_000014,7d78e89d4d0146476665fb6365d79ce3a766f94c84c4a6e8f3583cfb5629259b,b4113bb51676ca0f2009cf78ebfd012dd376103cd98b0775f7d8843670773476,1f35a64bfcb1,4da9ea23ed6a3b4d42c573cd8b994a414148182d,,,
sensitivity_full_kpi_v2_217d072b72e4,allocation_patch_0001_a333e5c09773,sensitivity_simulation_semantics.v1,all_on_rl__r20__arr500__rep017__4dfdb93391f0,all_on_rl|robots=20|order_rate=500|rep=17,all_on_rl,20,500,17,58,2,success,maximum_horizon,citi_angiebow,e958497e1ffacbc663322c59aac33833eb245e70,,,580000,87000.0,14992,395,823,16.344827586206897,246.47848101265822,2100.0,18.144465290806753,533,27,4.628099173553719,32903.23499999863,29504.857499999005,3398.3774999999873,83.29932911392059,1323515.1,177.6185792349348,11136,7499,0.23993275862068966,21,False,116,27,27,0.05065666041275797,12518.494628021896,625.9247314010947,0.031553314654608415,115468.848,0.003420836068270119,0.45569620253164556,1.8556701030927836,citi_angiebow,sensitivity_full_kpi.v2,True,batch_000014,7d78e89d4d0146476665fb6365d79ce3a766f94c84c4a6e8f3583cfb5629259b,b4113bb51676ca0f2009cf78ebfd012dd376103cd98b0775f7d8843670773476,1f35a64bfcb1,4da9ea23ed6a3b4d42c573cd8b994a414148182d,,,
sensitivity_full_kpi_v2_217d072b72e4,allocation_patch_0001_a333e5c09773,sensitivity_simulation_semantics.v1,all_on_rl__r20__arr500__rep018__2fc1ffc0dedc,all_on_rl|robots=20|order_rate=500|rep=18,all_on_rl,20,500,18,59,2,success,maximum_horizon,citi_gojira,e958497e1ffacbc663322c59aac33833eb245e70,,,580000,87000.0,14992,533,1142,22.055172413793102,289.89118198874297,5265.0,18.093793103448277,725,34,6.2727272727272725,44187.45749999753,39905.43749999777,4282.019999999982,82.90329737335371,1319939.55,183.05100806435556,15298,10110,0.2462051724137931,19,False,146,34,34,0.04689655172413793,16589.1660267322,829.45830133661,0.03212940295739462,106152.066,0.0050210986943956416,0.46904315196998125,2.0661157024793386,citi_gojira,sensitivity_full_kpi.v2,True,batch_000014,7d78e89d4d0146476665fb6365d79ce3a766f94c84c4a6e8f3583cfb5629259b,b4113bb51676ca0f2009cf78ebfd012dd376103cd98b0775f7d8843670773476,1f35a64bfcb1,4da9ea23ed6a3b4d42c573cd8b994a414148182d,,,
sensitivity_full_kpi_v2_217d072b72e4,allocation_patch_0001_a333e5c09773,sensitivity_simulation_semantics.v1,all_on_rl__r20__arr500__rep019__516e625120ca,all_on_rl|robots=20|order_rate=500|rep=19,all_on_rl,20,500,19,60,2,success,maximum_horizon,codex_local,e958497e1ffacbc663322c59aac33833eb245e70,,,580000,87000.0,14992,263,626,10.882758620689655,287.61216730038024,3215.0,15.198660714285714,448,20,3.8677685950413223,26756.12249999945,24397.37999999981,2358.7424999999985,101.7343060836481,1372568.25,166.71151315779525,9160,6021,0.15068103448275863,21,False,69,20,20,0.044642857142857144,10659.54008948049,532.9770044740245,0.024672734263605337,113652.5445,0.0023140704957995903,0.7300380228136882,6.857142857142857,codex_local,sensitivity_full_kpi.v2,True,batch_000014,7d78e89d4d0146476665fb6365d79ce3a766f94c84c4a6e8f3583cfb5629259b,b4113bb51676ca0f2009cf78ebfd012dd376103cd98b0775f7d8843670773476,1f35a64bfcb1,4da9ea23ed6a3b4d42c573cd8b994a414148182d,,,
sensitivity_full_kpi_v2_217d072b72e4,allocation_patch_0001_a333e5c09773,sensitivity_simulation_semantics.v1,all_on_rl__r20__arr500__rep020__a0bec87bdcf4,all_on_rl|robots=20|order_rate=500|rep=20,all_on_rl,20,500,20,61,2,success,maximum_horizon,dewa_macbook,e958497e1ffacbc663322c59aac33833eb245e70,,,580000,87000.0,14992,790,1579,32.689655172413794,286.2746835443038,3155.0,19.528225806451612,992,49,8.603305785123966,70090.17749999714,64500.16499999741,5590.012499999999,88.72174367088246,1121538.3,186.3855029583522,25148,18309,0.319301724137931,23,False,265,49,49,0.04939516129032258,25463.09372402441,1273.1546862012206,0.031025295219906275,111200.5395,0.0071042820794947675,0.5848101265822785,3.230769230769231,dewa_macbook,sensitivity_full_kpi.v2,True,batch_000014,7d78e89d4d0146476665fb6365d79ce3a766f94c84c4a6e8f3583cfb5629259b,b4113bb51676ca0f2009cf78ebfd012dd376103cd98b0775f7d8843670773476,1f35a64bfcb1,4da9ea23ed6a3b4d42c573cd8b994a414148182d,,,
sensitivity_full_kpi_v2_217d072b72e4,allocation_patch_0001_a333e5c09773,sensitivity_simulation_semantics.v1,all_on_rl__r20__arr600__rep001__48d20635d00e,all_on_rl|robots=20|order_rate=600|rep=1,all_on_rl,20,600,1,42,1,success,maximum_horizon,codex_local,e958497e1ffacbc663322c59aac33833eb245e70,,,580000,87000.0,14992,314,627,12.993103448275862,263.7738853503185,1629.0,16.60548523206751,474,16,4.049586776859504,29201.197499999238,25823.834999999628,3377.3624999999856,92.9974442675135,1401750.0,181.03608247422673,9737,6684,0.2504689655172414,23,False,65,16,16,0.03375527426160337,10555.656572014223,527.7828286007111,0.029747083742047393,112234.194,0.002797721343283313,0.4840764331210191,2.4516129032258065,codex_local,sensitivity_full_kpi.v2,True,batch_000014,7d78e89d4d0146476665fb6365d79ce3a766f94c84c4a6e8f3583cfb5629259b,b4113bb51676ca0f2009cf78ebfd012dd376103cd98b0775f7d8843670773476,1f35a64bfcb1,4da9ea23ed6a3b4d42c573cd8b994a414148182d,,,
sensitivity_full_kpi_v2_217d072b72e4,allocation_patch_0001_a333e5c09773,sensitivity_simulation_semantics.v1,all_on_rl__r25__arr400__rep001__fedd63ca5d54,all_on_rl|robots=25|order_rate=400|rep=1,all_on_rl,25,400,1,42,1,success,maximum_horizon,citi_angiebow,e958497e1ffacbc663322c59aac33833eb245e70,,,580000,87000.0,14992,1076,2253,44.52413793103448,329.28903345724905,8026.0,21.250191277735272,1307,67,11.355371900826446,78534.67499999653,72916.89749999624,5617.777499999991,72.98761617100048,1538267.85,210.21079245280544,28954,18436,0.10680344827586206,17,False,381,67,67,0.051262433052792655,29460.11203123953,1178.404481249581,0.03652396158096781,143509.1985,0.007497777224363775,0.4851301115241636,2.439252336448598,citi_angiebow,sensitivity_full_kpi.v2,True,batch_000014,7d78e89d4d0146476665fb6365d79ce3a766f94c84c4a6e8f3583cfb5629259b,b4113bb51676ca0f2009cf78ebfd012dd376103cd98b0775f7d8843670773476,1f35a64bfcb1,4da9ea23ed6a3b4d42c573cd8b994a414148182d,,,
sensitivity_full_kpi_v2_217d072b72e4,allocation_patch_0001_a333e5c09773,sensitivity_simulation_semantics.v1,all_on_rl__r25__arr500__rep001__0639c162498e,all_on_rl|robots=25|order_rate=500|rep=1,all_on_rl,25,500,1,42,1,success,maximum_horizon,dewa_macbook,e958497e1ffacbc663322c59aac33833eb245e70,,,580000,87000.0,14992,176,350,7.282758620689655,218.3693181818182,1582.0,13.337110481586402,353,13,3.024793388429752,21772.732500000337,19093.567500000325,2679.1649999999963,123.70870738636555,1685178.1500000004,170.07092696634933,7747,5183,0.05337241379310345,12,False,38,13,13,0.036827195467422094,7964.6174090209615,318.58469636083845,0.022097734387173096,151322.1075,0.0011630818715632808,0.4147727272727273,2.3548387096774195,dewa_macbook,sensitivity_full_kpi.v2,True,batch_000014,7d78e89d4d0146476665fb6365d79ce3a766f94c84c4a6e8f3583cfb5629259b,b4113bb51676ca0f2009cf78ebfd012dd376103cd98b0775f7d8843670773476,1f35a64bfcb1,4da9ea23ed6a3b4d42c573cd8b994a414148182d,,,
sensitivity_full_kpi_v2_217d072b72e4,allocation_patch_0001_a333e5c09773,sensitivity_simulation_semantics.v1,all_on_rl__r25__arr600__rep001__efac7debf9d0,all_on_rl|robots=25|order_rate=600|rep=1,all_on_rl,25,600,1,42,1,success,maximum_horizon,citi_angiebow,e958497e1ffacbc663322c59aac33833eb245e70,,,580000,87000.0,14992,485,1068,20.068965517241377,242.11546391752577,2633.0,16.856145251396647,716,32,6.181818181818182,43098.02999999815,38722.409999998665,4375.619999999985,88.86191752576939,1667712.45,184.14918367335486,15398,10402,0.23635862068965519,16,False,156,32,32,0.0446927374301676,15677.946120333623,627.117844813345,0.03093517456160765,144321.426,0.003360554378114307,0.44123711340206184,1.829059829059829,citi_angiebow,sensitivity_full_kpi.v2,True,batch_000014,7d78e89d4d0146476665fb6365d79ce3a766f94c84c4a6e8f3583cfb5629259b,b4113bb51676ca0f2009cf78ebfd012dd376103cd98b0775f7d8843670773476,1f35a64bfcb1,4da9ea23ed6a3b4d42c573cd8b994a414148182d,,,
sensitivity_full_kpi_v2_217d072b72e4,allocation_patch_0001_a333e5c09773,sensitivity_simulation_semantics.v1,all_on_rl__r30__arr400__rep001__09c34ff45a16,all_on_rl|robots=30|order_rate=400|rep=1,all_on_rl,30,400,1,42,1,success,maximum_horizon,win_admin,e958497e1ffacbc663322c59aac33833eb245e70,,,580000,87000.0,14992,70,128,2.896551724137931,220.88571428571427,682.0,9.333333333333334,174,5,1.4793388429752066,26328.487500013933,8621.730000000016,17706.75750001223,376.12125000019904,436354.50000000006,163.96677631577725,30424,25231,1.9954051724137931,9,False,11,5,5,0.028735632183908046,4808.138835583814,160.27129451946047,0.014558647824798189,185843.9295,0.00037666013729009104,0.37142857142857144,1.4444444444444444,win_admin,sensitivity_full_kpi.v2,True,batch_000014,7d78e89d4d0146476665fb6365d79ce3a766f94c84c4a6e8f3583cfb5629259b,b4113bb51676ca0f2009cf78ebfd012dd376103cd98b0775f7d8843670773476,1f35a64bfcb1,4da9ea23ed6a3b4d42c573cd8b994a414148182d,,,
sensitivity_full_kpi_v2_217d072b72e4,allocation_patch_0001_a333e5c09773,sensitivity_simulation_semantics.v1,all_on_rl__r30__arr500__rep001__f13777b0a56a,all_on_rl|robots=30|order_rate=500|rep=1,all_on_rl,30,500,1,42,1,success,maximum_horizon,citi_gojira,e958497e1ffacbc663322c59aac33833eb245e70,,,580000,87000.0,14992,1021,2019,42.248275862068965,332.4005876591577,8122.0,20.486312399355878,1242,62,10.776859504132231,74759.66999999557,70395.90749999552,4363.762499999996,73.2220078354511,1851879.1499999994,189.0906000001357,26098,16649,0.0394948275862069,15,False,349,62,62,0.0499194847020934,28181.854356652086,939.3951452217362,0.036228985753700114,178502.778,0.005719798937807007,0.6111655239960823,6.933333333333334,citi_gojira,sensitivity_full_kpi.v2,True,batch_000014,7d78e89d4d0146476665fb6365d79ce3a766f94c84c4a6e8f3583cfb5629259b,b4113bb51676ca0f2009cf78ebfd012dd376103cd98b0775f7d8843670773476,1f35a64bfcb1,4da9ea23ed6a3b4d42c573cd8b994a414148182d,,,
