robot_name,robot_state,robot_destination,intersection_start_time,intersection_finish_time,intersection_id,energy_consumption_intersection,queueing_robot
robot-12,taking_pod,"(10,8)",0.44999999999999996,4.800000000000001,15-12,0.00046124999999999996,1
robot-15,taking_pod,"(18,14)",10.200000000000014,12.450000000000019,15-15,0.00242125,2
robot-11,taking_pod,"(10,5)",10.350000000000014,14.100000000000023,15-12,0.0011156249999999999,1
robot-15,taking_pod,"(18,14)",12.450000000000019,15.750000000000027,15-12,0.00064,1
robot-20,delivering_pod,"(4,21)",12.000000000000018,16.050000000000026,15-15,0.00580125,1
