robot_name,robot_state,robot_destination,intersection_start_time,intersection_finish_time,intersection_id,energy_consumption_intersection,queueing_robot
robot-5,taking_pod,"(19,10)",3.8999999999999986,8.55000000000001,15-15,0.0025593749999999996,0
robot-5,taking_pod,"(19,10)",8.55000000000001,13.500000000000021,15-12,0.0022218749999999995,1
robot-14,delivering_pod,"(4,15)",30.599999999999888,34.49999999999985,15-15,0.005578125,2
robot-7,taking_pod,"(20,2)",34.49999999999985,35.249999999999844,15-15,0.0008287499999999998,1
robot-17,delivering_pod,"(4,15)",32.69999999999987,36.74999999999983,15-15,0.005261249999999999,1
robot-9,delivering_pod,"(4,15)",51.74999999999969,55.64999999999965,15-15,0.005578125,1
robot-11,delivering_pod,"(4,15)",56.69999999999964,60.5999999999996,15-15,0.005578125,1
