robot_name,robot_state,robot_destination,intersection_start_time,intersection_finish_time,intersection_id,energy_consumption_intersection,queueing_robot
robot-13,delivering_pod,"(4,9)",1.6499999999999997,5.850000000000003,15-15,0.0023906249999999995,1
robot-2,delivering_pod,"(4,21)",14.250000000000023,21.74999999999997,15-12,0.002188125,0
robot-3,delivering_pod,"(44,9)",22.79999999999996,27.449999999999918,15-12,0.0025593749999999996,0
robot-6,delivering_pod,"(4,9)",45.29999999999975,49.19999999999971,15-15,0.005578125,1
