robot_name,robot_state,robot_destination,intersection_start_time,intersection_finish_time,intersection_id,energy_consumption_intersection,queueing_robot
robot-9,taking_pod,"(13,17)",12.150000000000018,15.300000000000026,15-15,0.000583125,1
robot-8,delivering_pod,"(4,15)",19.499999999999993,24.299999999999947,15-15,0.0021374999999999996,1
robot-9,delivering_pod,"(4,15)",28.799999999999905,33.59999999999986,15-15,0.0021374999999999996,1
