robot_name,robot_state,robot_destination,intersection_start_time,intersection_finish_time,intersection_id,energy_consumption_intersection,queueing_robot
robot-1,delivering_pod,"(4,21)",22.94999999999996,26.999999999999922,15-15,0.0057375,1
robot-14,delivering_pod,"(4,9)",37.49999999999982,41.399999999999785,15-15,0.005578125,1
robot-9,delivering_pod,"(4,9)",46.04999999999974,50.0999999999997,15-15,0.00580125,1
robot-7,returning_pod,"(16,13)",84.15000000000033,88.35000000000049,15-12,0.005321874999999999,1
