robot_name,robot_state,robot_destination,intersection_start_time,intersection_finish_time,intersection_id,energy_consumption_intersection,queueing_robot
robot-14,taking_pod,"(20,11)",5.100000000000001,5.850000000000003,15-15,0.0008287499999999998,0
robot-13,taking_pod,"(13,4)",13.20000000000002,13.800000000000022,15-12,0.0006693749999999998,0
robot-16,taking_pod,"(13,1)",10.350000000000014,17.85000000000001,15-15,0.002188125,0
robot-16,taking_pod,"(13,1)",23.399999999999956,24.14999999999995,15-12,0.0008924999999999998,0
robot-14,delivering_pod,"(4,9)",22.04999999999997,28.949999999999903,15-15,0.005132499999999998,1
robot-14,delivering_pod,"(4,9)",28.949999999999903,31.049999999999883,15-12,0.002836874999999999,1
robot-5,taking_pod,"(16,10)",41.84999999999978,42.599999999999774,15-15,0.0008924999999999998,0
robot-18,returning_pod,"(18,2)",118.05000000000162,124.95000000000188,15-12,0.005132499999999998,2
robot-14,returning_pod,"(20,11)",122.55000000000179,126.75000000000195,15-12,0.005488125000000001,1
