robot_name,robot_state,robot_destination,intersection_start_time,intersection_finish_time,intersection_id,energy_consumption_intersection,queueing_robot
robot-3,delivering_pod,"(4,21)",2.999999999999999,7.950000000000008,15-15,0.0035062499999999985,1
robot-1,taking_pod,"(16,16)",3.149999999999999,9.750000000000012,15-15,0.0013331250000000001,0
robot-1,delivering_pod,"(4,21)",16.350000000000023,22.94999999999996,15-15,0.001381875,1
robot-17,delivering_pod,"(4,21)",22.649999999999963,26.699999999999925,15-15,0.00580125,1
robot-13,taking_pod,"(13,14)",33.44999999999986,34.049999999999855,15-12,0.0005793749999999999,0
robot-7,delivering_pod,"(4,9)",35.99999999999984,40.1999999999998,15-15,0.0054493749999999985,2
robot-4,delivering_pod,"(4,21)",38.249999999999815,45.89999999999974,15-15,0.005420625,1
robot-11,returning_pod,"(25,8)",83.10000000000029,87.15000000000045,15-12,0.0057375,1
