robot_name,robot_state,robot_destination,intersection_start_time,intersection_finish_time,intersection_id,energy_consumption_intersection,queueing_robot
robot-18,taking_pod,"(13,10)",5.5500000000000025,10.350000000000014,15-15,0.0021374999999999996,1
robot-18,taking_pod,"(13,10)",15.900000000000027,16.65000000000002,15-12,0.0007337499999999999,0
robot-2,delivering_pod,"(4,15)",21.89999999999997,25.949999999999932,15-15,0.00580125,1
robot-16,delivering_pod,"(4,21)",47.849999999999724,51.74999999999969,15-15,0.005578125,1
robot-18,returning_pod,"(13,10)",73.64999999999993,80.5500000000002,15-12,0.005132499999999998,1
robot-9,returning_pod,"(24,8)",81.60000000000024,85.65000000000039,15-12,0.00580125,1
