robot_name,robot_state,robot_destination,intersection_start_time,intersection_finish_time,intersection_id,energy_consumption_intersection,queueing_robot
robot-2,taking_pod,"(12,13)",11.100000000000016,12.000000000000018,15-12,0.0005981250000000001,0
robot-3,delivering_pod,"(4,21)",12.75000000000002,16.80000000000002,15-12,0.001666875,0
robot-15,taking_pod,"(20,16)",12.450000000000019,17.70000000000001,15-15,0.000661875,1
robot-2,delivering_pod,"(44,9)",18.6,24.89999999999994,15-12,0.0030824999999999997,0
robot-6,delivering_pod,"(4,21)",24.449999999999946,32.54999999999987,15-12,0.002975624999999998,1
robot-4,delivering_pod,"(44,9)",28.19999999999991,34.49999999999985,15-12,0.005806874999999999,1
