robot_name,robot_state,robot_destination,intersection_start_time,intersection_finish_time,intersection_id,energy_consumption_intersection,queueing_robot
robot-18,taking_pod,"(10,14)",4.950000000000001,8.250000000000009,15-12,0.00067875,1
robot-7,taking_pod,"(13,11)",21.89999999999997,23.84999999999995,15-15,0.0026774999999999993,1
robot-7,taking_pod,"(13,11)",23.84999999999995,26.09999999999993,15-12,0.0023625,1
robot-1,delivering_pod,"(4,15)",24.299999999999947,31.799999999999876,15-12,0.002188125,0
robot-7,delivering_pod,"(44,9)",35.39999999999984,40.0499999999998,15-12,0.0025593749999999996,0
robot-6,delivering_pod,"(4,9)",48.44999999999972,52.34999999999968,15-15,0.005578125,1
