robot_name,robot_state,robot_destination,intersection_start_time,intersection_finish_time,intersection_id,energy_consumption_intersection,queueing_robot
robot-19,taking_pod,"(20,2)",14.700000000000024,18.000000000000007,15-15,0.00067875,1
robot-20,delivering_pod,"(4,9)",15.900000000000027,23.399999999999956,15-12,0.002188125,0
robot-20,returning_pod,"(13,13)",135.00000000000225,140.55000000000246,15-12,0.0030756249999999985,1
robot-5,returning_pod,"(26,10)",154.35000000000298,158.40000000000313,15-12,0.0057375,1
robot-20,taking_pod,"(35,1)",183.15000000000407,189.75000000000432,15-12,0.001381875,0
robot-1,delivering_pod,"(4,21)",230.40000000000586,234.300000000006,15-15,0.005578125,1
robot-5,returning_pod,"(37,10)",275.4000000000039,279.3000000000033,15-12,0.005578125,1
robot-6,delivering_pod,"(4,15)",476.5499999999734,480.5999999999728,15-15,0.0057375,1
