robot_name,robot_state,robot_destination,intersection_start_time,intersection_finish_time,intersection_id,energy_consumption_intersection,queueing_robot
robot-12,taking_pod,"(13,13)",0.75,8.40000000000001,15-12,0.001213125,1
robot-16,taking_pod,"(17,1)",15.450000000000026,16.200000000000024,15-15,0.0008924999999999998,0
robot-12,delivering_pod,"(4,15)",14.400000000000023,21.89999999999997,15-12,0.002188125,0
robot-18,delivering_pod,"(4,15)",46.94999999999973,50.999999999999694,15-15,0.0057375,1
robot-16,delivering_pod,"(4,15)",55.79999999999965,59.84999999999961,15-15,0.0057375,1
robot-12,returning_pod,"(13,13)",81.60000000000024,87.15000000000045,15-12,0.003065624999999999,1
robot-2,returning_pod,"(26,10)",115.65000000000153,119.70000000000168,15-12,0.00580125,1
robot-12,taking_pod,"(35,1)",186.15000000000418,192.75000000000443,15-12,0.001381875,0
robot-19,returning_pod,"(37,10)",274.800000000004,278.8500000000034,15-12,0.0057375,1
