robot_name,robot_state,robot_destination,intersection_start_time,intersection_finish_time,intersection_id,energy_consumption_intersection,queueing_robot
robot-1,taking_pod,"(18,14)",5.850000000000003,6.600000000000005,15-12,0.0008924999999999998,0
robot-1,delivering_pod,"(4,9)",13.20000000000002,18.6,15-15,0.0036749999999999986,0
robot-12,delivering_pod,"(4,21)",27.449999999999918,31.34999999999988,15-15,0.005578125,2
robot-5,delivering_pod,"(4,21)",29.699999999999896,33.74999999999986,15-15,0.005261249999999999,1
robot-11,delivering_pod,"(4,21)",42.14999999999978,46.04999999999974,15-15,0.005578125,1
robot-20,delivering_pod,"(4,21)",55.49999999999965,59.54999999999961,15-15,0.00580125,1
robot-14,returning_pod,"(12,8)",64.6499999999996,71.54999999999986,15-12,0.005132499999999998,1
robot-1,returning_pod,"(18,14)",86.70000000000043,90.75000000000058,15-12,0.0057375,1
robot-1,returning_pod,"(18,14)",102.45000000000103,107.25000000000121,15-15,0.00208875,1
