robot_name,robot_state,robot_destination,intersection_start_time,intersection_finish_time,intersection_id,energy_consumption_intersection,queueing_robot
robot-13,taking_pod,"(16,1)",0.6,7.6500000000000075,15-15,0.002019375,1
robot-6,taking_pod,"(19,10)",7.950000000000008,8.55000000000001,15-15,0.0006693749999999998,0
robot-19,taking_pod,"(16,2)",13.500000000000021,15.450000000000026,15-15,0.0026774999999999993,1
robot-19,taking_pod,"(16,2)",15.450000000000026,17.400000000000013,15-12,0.0026774999999999993,1
robot-20,delivering_pod,"(4,21)",36.89999999999983,40.79999999999979,15-15,0.005578125,1
robot-7,delivering_pod,"(4,21)",41.69999999999978,45.749999999999744,15-15,0.00580125,1
robot-20,returning_pod,"(31,11)",136.6500000000023,140.55000000000246,15-12,0.005578125,1
