robot_name,robot_state,robot_destination,intersection_start_time,intersection_finish_time,intersection_id,energy_consumption_intersection,queueing_robot
robot-18,taking_pod,"(13,17)",0.75,4.35,15-15,0.0013443749999999999,1
robot-1,taking_pod,"(12,5)",0.3,4.65,15-12,0.0005099999999999999,1
robot-14,taking_pod,"(10,20)",4.950000000000001,5.700000000000003,15-12,0.0006749999999999999,0
robot-7,taking_pod,"(10,11)",15.000000000000025,15.600000000000026,15-15,0.0006693749999999998,0
robot-18,delivering_pod,"(4,9)",27.449999999999918,28.19999999999991,15-12,0.0008924999999999998,0
robot-10,delivering_pod,"(4,9)",33.74999999999986,34.49999999999985,15-12,0.0008924999999999998,0
