robot_name,robot_state,robot_destination,intersection_start_time,intersection_finish_time,intersection_id,energy_consumption_intersection,queueing_robot
robot-17,taking_pod,"(17,11)",16.050000000000026,21.599999999999973,15-15,0.003151874999999999,1
robot-9,delivering_pod,"(4,21)",30.749999999999886,34.64999999999985,15-15,0.005578125,1
robot-13,delivering_pod,"(4,21)",35.099999999999845,39.14999999999981,15-15,0.00580125,1
robot-14,taking_pod,"(32,22)",83.70000000000032,84.30000000000034,15-15,0.0006693749999999998,0
robot-7,returning_pod,"(16,10)",96.3000000000008,103.20000000000105,15-12,0.005132499999999998,1
