robot_name,robot_state,robot_destination,intersection_start_time,intersection_finish_time,intersection_id,energy_consumption_intersection,queueing_robot
robot-5,taking_pod,"(19,10)",7.950000000000008,8.55000000000001,15-15,0.0006693749999999998,0
robot-1,taking_pod,"(13,1)",9.750000000000012,10.350000000000014,15-12,0.0006693749999999998,0
robot-4,taking_pod,"(20,2)",12.150000000000018,14.100000000000023,15-15,0.0026774999999999993,1
robot-4,taking_pod,"(20,2)",14.100000000000023,16.050000000000026,15-12,0.0026774999999999993,1
