robot_name,robot_state,robot_destination,intersection_start_time,intersection_finish_time,intersection_id,energy_consumption_intersection,queueing_robot
robot-20,taking_pod,"(13,13)",9.600000000000012,10.500000000000014,15-12,0.000609375,0
robot-20,delivering_pod,"(4,21)",16.950000000000017,24.449999999999946,15-12,0.002188125,0
robot-5,delivering_pod,"(4,9)",33.89999999999986,37.94999999999982,15-15,0.00580125,2
robot-17,delivering_pod,"(4,9)",36.299999999999834,40.349999999999795,15-15,0.00580125,1
robot-2,delivering_pod,"(4,15)",46.649999999999736,50.5499999999997,15-15,0.005578125,1
robot-7,delivering_pod,"(4,21)",52.19999999999968,56.099999999999646,15-15,0.005578125,1
