robot_name,robot_state,robot_destination,intersection_start_time,intersection_finish_time,intersection_id,energy_consumption_intersection,queueing_robot
robot-12,taking_pod,"(17,10)",2.2499999999999996,6.600000000000005,15-18,0.0005099999999999999,1
robot-12,taking_pod,"(17,10)",6.600000000000005,8.70000000000001,15-15,0.0027468749999999993,1
robot-18,taking_pod,"(17,11)",3.449999999999999,10.950000000000015,15-12,0.002188125,1
robot-20,taking_pod,"(22,1)",8.40000000000001,15.000000000000025,15-0,0.0013431250000000001,0
robot-12,taking_pod,"(17,10)",8.70000000000001,15.450000000000026,15-12,0.0023125,1
