robot_name,robot_state,robot_destination,intersection_start_time,intersection_finish_time,intersection_id,energy_consumption_intersection,queueing_robot
robot-10,delivering_pod,"(4,9)",22.04999999999997,26.09999999999993,15-15,0.00580125,1
robot-13,taking_pod,"(12,16)",203.85000000000485,204.60000000000488,15-12,0.0008924999999999998,0
robot-10,returning_pod,"(32,16)",214.05000000000524,218.1000000000054,15-12,0.0057375,1
robot-2,delivering_pod,"(4,21)",286.0500000000023,289.9500000000017,15-15,0.005578125,1
robot-13,returning_pod,"(12,16)",362.69999999999067,367.49999999998994,15-15,0.0021374999999999996,1
robot-13,taking_pod,"(34,4)",400.34999999998496,404.24999999998437,15-15,0.00157125,0
robot-13,taking_pod,"(34,4)",404.24999999998437,409.04999999998364,15-12,0.0020725,1
robot-3,delivering_pod,"(4,21)",413.69999999998294,417.59999999998234,15-15,0.005578125,1
