robot_name,robot_state,robot_destination,intersection_start_time,intersection_finish_time,intersection_id,energy_consumption_intersection,queueing_robot
robot-9,taking_pod,"(20,14)",8.40000000000001,12.60000000000002,15-15,0.0013975,0
robot-9,taking_pod,"(20,14)",12.60000000000002,15.900000000000027,15-12,0.00067875,1
robot-11,delivering_pod,"(4,15)",12.300000000000018,18.9,15-15,0.001381875,0
robot-15,delivering_pod,"(4,21)",22.199999999999967,26.24999999999993,15-15,0.00580125,1
robot-9,delivering_pod,"(4,15)",23.99999999999995,30.599999999999888,15-15,0.00546,1
robot-10,delivering_pod,"(4,21)",28.34999999999991,32.69999999999987,15-15,0.0049425,2
robot-8,delivering_pod,"(4,21)",31.49999999999988,35.54999999999984,15-15,0.00580125,2
robot-17,delivering_pod,"(4,15)",33.44999999999986,37.64999999999982,15-15,0.005203124999999999,1
