robot_name,robot_state,robot_destination,intersection_start_time,intersection_finish_time,intersection_id,energy_consumption_intersection,queueing_robot
robot-14,taking_pod,"(13,11)",0,4.35,15-12,0.00046124999999999996,1
robot-14,delivering_pod,"(4,15)",10.950000000000015,18.450000000000003,15-12,0.002188125,0
robot-16,delivering_pod,"(4,9)",21.149999999999977,25.04999999999994,15-15,0.005578125,1
robot-1,delivering_pod,"(4,9)",25.649999999999935,29.549999999999898,15-15,0.005578125,1
robot-10,delivering_pod,"(4,9)",29.699999999999896,33.74999999999986,15-15,0.00580125,1
robot-19,delivering_pod,"(4,9)",34.199999999999854,38.09999999999982,15-15,0.005578125,1
robot-13,delivering_pod,"(4,21)",38.84999999999981,42.89999999999977,15-15,0.00580125,2
robot-3,delivering_pod,"(4,9)",41.09999999999979,45.14999999999975,15-15,0.005261249999999999,2
robot-18,delivering_pod,"(4,9)",43.499999999999766,47.54999999999973,15-15,0.00580125,1
