robot_name,robot_state,robot_destination,intersection_start_time,intersection_finish_time,intersection_id,energy_consumption_intersection,queueing_robot
robot-11,taking_pod,"(16,23)",1.05,3.8999999999999986,15-15,0.00046124999999999996,1
robot-16,taking_pod,"(10,5)",8.55000000000001,9.300000000000011,15-12,0.0008287499999999998,0
robot-20,delivering_pod,"(4,15)",22.499999999999964,26.549999999999926,15-15,0.00580125,2
robot-19,delivering_pod,"(4,21)",24.749999999999943,28.949999999999903,15-15,0.005463124999999998,2
robot-4,delivering_pod,"(4,21)",26.849999999999923,31.049999999999883,15-15,0.004949374999999999,1
robot-7,delivering_pod,"(4,9)",24.14999999999995,31.649999999999878,15-12,0.002188125,0
